STATEFP,COUNTYFP,GEOID,NAME,Medicaid_Expansion
31,39,31039,Cuming,1
53,69,53069,Wahkiakum,1
35,11,35011,De Baca,1
31,109,31109,Lancaster,1
31,129,31129,Nuckolls,1
46,99,46099,Minnehaha,0
48,327,48327,Menard,0
6,91,6091,Sierra,1
21,53,21053,Clinton,1
39,63,39063,Hancock,1
48,189,48189,Hale,0
1,27,1027,Clay,0
48,11,48011,Armstrong,0
39,3,39003,Allen,1
13,189,13189,McDuffie,0
55,111,55111,Sauk,0
5,137,5137,Stone,1
41,63,41063,Wallowa,1
42,7,42007,Beaver,1
28,61,28061,Jasper,0
29,83,29083,Henry,0
8,109,8109,Saguache,1
37,37,37037,Chatham,0
49,33,49033,Rich,1
40,1,40001,Adair,0
39,85,39085,Lake,1
51,775,51775,Salem,1
51,121,51121,Montgomery,1
47,65,47065,Hamilton,0
35,35,35035,Otero,1
35,3,35003,Catron,1
1,91,1091,Marengo,0
56,23,56023,Lincoln,0
29,11,29011,Barton,0
48,57,48057,Calhoun,0
51,735,51735,Poquoson,1
54,75,54075,Pocahontas,1
48,77,48077,Clay,0
51,95,51095,James City,1
31,101,31101,Keith,1
31,137,31137,Phelps,1
22,19,22019,Calcasieu,1
22,111,22111,Union,1
40,135,40135,Sequoyah,0
1,49,1049,DeKalb,0
36,101,36101,Steuben,1
42,53,42053,Forest,1
22,105,22105,Tangipahoa,1
51,179,51179,Stafford,1
26,109,26109,Menominee,1
18,73,18073,Jasper,1
13,25,13025,Brantley,0
13,171,13171,Lamar,0
18,151,18151,Steuben,1
48,361,48361,Orange,0
39,47,39047,Fayette,1
25,15,25015,Hampshire,1
21,3,21003,Allen,1
37,1,37001,Alamance,0
20,73,20073,Greenwood,0
25,25,25025,Suffolk,1
16,51,16051,Jefferson,1
48,177,48177,Gonzales,0
47,115,47115,Marion,0
26,7,26007,Alpena,1
21,231,21231,Wayne,1
47,185,47185,White,0
48,147,48147,Fannin,0
20,43,20043,Doniphan,0
48,265,48265,Kerr,0
12,53,12053,Hernando,0
12,129,12129,Wakulla,0
12,131,12131,Walton,0
28,17,28017,Chickasaw,0
2,130,2130,Ketchikan Gateway,1
26,35,26035,Clare,1
20,157,20157,Republic,0
12,127,12127,Volusia,0
40,17,40017,Canadian,0
13,115,13115,Floyd,0
32,1,32001,Churchill,1
31,181,31181,Webster,1
17,67,17067,Hancock,1
46,67,46067,Hutchinson,0
41,13,41013,Crook,1
50,11,50011,Franklin,1
26,103,26103,Marquette,1
9,7,9007,Middlesex,1
37,57,37057,Davidson,0
17,25,17025,Clay,1
29,103,29103,Knox,0
29,117,29117,Livingston,0
42,117,42117,Tioga,1
31,43,31043,Dakota,1
26,89,26089,Leelanau,1
51,181,51181,Surry,1
48,391,48391,Refugio,0
39,17,39017,Butler,1
13,273,13273,Terrell,0
13,63,13063,Clayton,0
56,13,56013,Fremont,0
18,115,18115,Ohio,1
13,73,13073,Columbia,0
8,115,8115,Sedgwick,1
30,65,30065,Musselshell,1
42,43,42043,Dauphin,1
46,101,46101,Moody,0
54,79,54079,Putnam,1
34,37,34037,Sussex,1
20,39,20039,Decatur,0
18,123,18123,Perry,1
28,145,28145,Union,0
31,15,31015,Boyd,1
27,95,27095,Mille Lacs,1
38,99,38099,Walsh,1
39,115,39115,Morgan,1
39,133,39133,Portage,1
56,41,56041,Uinta,0
32,13,32013,Humboldt,1
48,247,48247,Jim Hogg,0
8,17,8017,Cheyenne,1
41,5,41005,Clackamas,1
5,113,5113,Polk,1
13,193,13193,Macon,0
18,7,18007,Benton,1
47,129,47129,Morgan,0
46,43,46043,Douglas,0
24,47,24047,Worcester,1
17,185,17185,Wabash,1
18,69,18069,Huntington,1
21,209,21209,Scott,1
19,53,19053,Decatur,1
18,169,18169,Wabash,1
18,3,18003,Allen,1
18,99,18099,Marshall,1
31,171,31171,Thomas,1
38,85,38085,Sioux,1
48,127,48127,Dimmit,0
27,45,27045,Fillmore,1
45,23,45023,Chester,0
27,73,27073,Lac qui Parle,1
49,5,49005,Cache,1
55,93,55093,Pierce,0
13,49,13049,Charlton,0
13,233,13233,Polk,0
17,113,17113,McLean,1
23,1,23001,Androscoggin,1
16,55,16055,Kootenai,1
32,3,32003,Clark,1
20,147,20147,Phillips,0
31,89,31089,Holt,1
29,101,29101,Johnson,0
55,63,55063,La Crosse,0
22,21,22021,Caldwell,1
21,61,21061,Edmonson,1
17,5,17005,Bond,1
17,9,17009,Brown,1
27,85,27085,McLeod,1
55,33,55033,Dunn,0
8,27,8027,Custer,1
29,123,29123,Madison,0
48,353,48353,Nolan,0
42,127,42127,Wayne,1
36,91,36091,Saratoga,1
48,41,48041,Brazos,0
40,95,40095,Marshall,0
24,1,24001,Allegany,1
54,103,54103,Wetzel,1
55,53,55053,Jackson,0
41,7,41007,Clatsop,1
53,41,53041,Lewis,1
36,3,36003,Allegany,1
19,31,19031,Cedar,1
18,117,18117,Orange,1
13,89,13089,DeKalb,0
13,227,13227,Pickens,0
30,15,30015,Chouteau,1
31,17,31017,Brown,1
47,13,47013,Campbell,0
37,69,37069,Franklin,0
24,510,24510,Baltimore,1
20,111,20111,Lyon,0
19,27,19027,Carroll,1
22,107,22107,Tensas,1
47,123,47123,Monroe,0
20,75,20075,Hamilton,0
19,151,19151,Pocahontas,1
16,45,16045,Gem,1
5,63,5063,Independence,1
5,85,5085,Lonoke,1
18,111,18111,Newton,1
13,119,13119,Franklin,0
12,51,12051,Hendry,0
13,265,13265,Taliaferro,0
48,245,48245,Jefferson,0
30,59,30059,Meagher,1
8,67,8067,La Plata,1
48,27,48027,Bell,0
28,69,28069,Kemper,0
5,19,5019,Clark,1
41,35,41035,Klamath,1
36,75,36075,Oswego,1
1,19,1019,Cherokee,0
48,19,48019,Bandera,0
30,87,30087,Rosebud,1
35,59,35059,Union,1
26,153,26153,Schoolcraft,1
36,111,36111,Ulster,1
34,7,34007,Camden,1
17,83,17083,Jersey,1
51,85,51085,Hanover,1
20,199,20199,Wallace,0
26,3,26003,Alger,1
5,49,5049,Fulton,1
48,215,48215,Hidalgo,0
37,155,37155,Robeson,0
26,123,26123,Newaygo,1
41,49,41049,Morrow,1
27,153,27153,Todd,1
5,83,5083,Logan,1
37,109,37109,Lincoln,0
5,91,5091,Miller,1
12,95,12095,Orange,0
8,111,8111,San Juan,1
16,41,16041,Franklin,1
13,45,13045,Carroll,0
20,161,20161,Riley,0
48,413,48413,Schleicher,0
51,167,51167,Russell,1
37,27,37027,Caldwell,0
16,65,16065,Madison,1
18,173,18173,Warrick,1
21,1,21001,Adair,1
21,77,21077,Gallatin,1
21,97,21097,Harrison,1
23,23,23023,Sagadahoc,1
30,97,30097,Sweet Grass,1
48,181,48181,Grayson,0
42,59,42059,Greene,1
2,188,2188,Northwest Arctic,1
20,51,20051,Ellis,0
1,65,1065,Hale,0
1,105,1105,Perry,0
1,33,1033,Colbert,0
20,151,20151,Pratt,0
21,17,21017,Bourbon,1
47,149,47149,Rutherford,0
13,75,13075,Cook,0
20,101,20101,Lane,0
40,59,40059,Harper,0
17,147,17147,Piatt,1
48,107,48107,Crosby,0
1,63,1063,Greene,0
16,33,16033,Clark,1
19,109,19109,Kossuth,1
38,13,38013,Burke,1
37,63,37063,Durham,0
19,85,19085,Harrison,1
31,103,31103,Keya Paha,1
19,187,19187,Webster,1
17,151,17151,Pope,1
47,159,47159,Smith,0
51,89,51089,Henry,1
51,510,51510,Alexandria,1
19,101,19101,Jefferson,1
30,49,30049,Lewis and Clark,1
49,13,49013,Duchesne,1
40,3,40003,Alfalfa,0
48,119,48119,Delta,0
47,169,47169,Trousdale,0
21,193,21193,Perry,1
46,39,46039,Deuel,0
41,29,41029,Jackson,1
48,507,48507,Zavala,0
31,7,31007,Banner,1
19,121,19121,Madison,1
12,11,12011,Broward,0
13,279,13279,Toombs,0
26,151,26151,Sanilac,1
48,397,48397,Rockwall,0
26,163,26163,Wayne,1
27,105,27105,Nobles,1
27,1,27001,Aitkin,1
38,71,38071,Ramsey,1
37,145,37145,Person,0
20,195,20195,Trego,0
28,151,28151,Washington,0
48,133,48133,Eastland,0
28,55,28055,Issaquena,0
48,123,48123,DeWitt,0
48,5,48005,Angelina,0
45,81,45081,Saluda,0
29,125,29125,Maries,0
5,1,5001,Arkansas,1
29,109,29109,Lawrence,0
51,540,51540,Charlottesville,1
17,11,17011,Bureau,1
39,145,39145,Scioto,1
37,115,37115,Madison,0
16,53,16053,Jerome,1
39,163,39163,Vinton,1
48,309,48309,McLennan,0
16,37,16037,Custer,1
19,89,19089,Howard,1
12,99,12099,Palm Beach,0
13,181,13181,Lincoln,0
1,13,1013,Butler,0
47,165,47165,Sumner,0
51,97,51097,King and Queen,1
5,15,5015,Carroll,1
51,820,51820,Waynesboro,1
2,220,2220,Sitka,1
41,51,41051,Multnomah,1
47,61,47061,Grundy,0
27,57,27057,Hubbard,1
38,81,38081,Sargent,1
36,89,36089,St. Lawrence,1
29,179,29179,Reynolds,0
6,67,6067,Sacramento,1
39,125,39125,Paulding,1
18,179,18179,Wells,1
51,63,51063,Floyd,1
6,83,6083,Santa Barbara,1
54,5,54005,Boone,1
28,9,28009,Benton,0
21,55,21055,Crittenden,1
19,147,19147,Palo Alto,1
19,159,19159,Ringgold,1
37,151,37151,Randolph,0
24,15,24015,Cecil,1
18,171,18171,Warren,1
31,77,31077,Greeley,1
31,95,31095,Jefferson,1
31,151,31151,Saline,1
21,119,21119,Knott,1
19,45,19045,Clinton,1
27,63,27063,Jackson,1
27,39,27039,Dodge,1
27,47,27047,Freeborn,1
6,9,6009,Calaveras,1
25,1,25001,Barnstable,1
51,119,51119,Middlesex,1
42,65,42065,Jefferson,1
18,89,18089,Lake,1
47,3,47003,Bedford,0
47,27,47027,Clay,0
17,29,17029,Coles,1
47,97,47097,Lauderdale,0
41,1,41001,Baker,1
36,97,36097,Schuyler,1
26,159,26159,Van Buren,1
17,131,17131,Mercer,1
21,127,21127,Lawrence,1
21,175,21175,Morgan,1
21,177,21177,Muhlenberg,1
17,49,17049,Effingham,1
47,105,47105,Loudon,0
46,25,46025,Clark,0
15,3,15003,Honolulu,1
12,41,12041,Gilchrist,0
18,157,18157,Tippecanoe,1
42,109,42109,Snyder,1
48,277,48277,Lamar,0
12,86,12086,Miami-Dade,0
31,57,31057,Dundy,1
48,289,48289,Leon,0
8,97,8097,Pitkin,1
38,35,38035,Grand Forks,1
18,91,18091,LaPorte,1
18,57,18057,Hamilton,1
51,595,51595,Emporia,1
40,81,40081,Lincoln,0
20,71,20071,Greeley,0
13,145,13145,Harris,0
13,251,13251,Screven,0
48,433,48433,Stonewall,0
39,69,39069,Henry,1
33,9,33009,Grafton,1
29,145,29145,Newton,0
18,129,18129,Posey,1
48,311,48311,McMullen,0
17,35,17035,Cumberland,1
13,297,13297,Walton,0
27,121,27121,Pope,1
51,157,51157,Rappahannock,1
51,9,51009,Amherst,1
6,111,6111,Ventura,1
17,33,17033,Crawford,1
8,93,8093,Park,1
6,37,6037,Los Angeles,1
4,27,4027,Yuma,1
13,129,13129,Gordon,0
19,25,19025,Calhoun,1
12,55,12055,Highlands,0
51,580,51580,Covington,1
50,17,50017,Orange,1
20,113,20113,McPherson,0
4,21,4021,Pinal,1
39,51,39051,Fulton,1
8,3,8003,Alamosa,1
12,17,12017,Citrus,0
47,41,47041,DeKalb,0
42,31,42031,Clarion,1
46,97,46097,Miner,0
46,73,46073,Jerauld,0
18,31,18031,Decatur,1
18,37,18037,Dubois,1
51,57,51057,Essex,1
45,89,45089,Williamsburg,0
36,31,36031,Essex,1
19,195,19195,Worth,1
40,63,40063,Hughes,0
51,27,51027,Buchanan,1
51,5,51005,Alleghany,1
28,87,28087,Lowndes,0
18,143,18143,Scott,1
8,99,8099,Prowers,1
48,435,48435,Sutton,0
40,101,40101,Muskogee,0
29,43,29043,Christian,0
28,73,28073,Lamar,0
18,137,18137,Ripley,1
38,57,38057,Mercer,1
13,147,13147,Hart,0
22,49,22049,Jackson,1
51,133,51133,Northumberland,1
48,157,48157,Fort Bend,0
55,47,55047,Green Lake,0
30,73,30073,Pondera,1
55,127,55127,Walworth,0
32,21,32021,Mineral,1
17,57,17057,Fulton,1
36,103,36103,Suffolk,1
18,161,18161,Union,1
29,119,29119,McDonald,0
31,157,31157,Scotts Bluff,1
35,47,35047,San Miguel,1
1,81,1081,Lee,0
48,367,48367,Parker,0
38,21,38021,Dickey,1
38,3,38003,Barnes,1
27,143,27143,Sibley,1
13,293,13293,Upson,0
6,97,6097,Sonoma,1
26,33,26033,Chippewa,1
16,19,16019,Bonneville,1
13,13,13013,Barrow,0
13,183,13183,Long,0
48,271,48271,Kinney,0
40,115,40115,Ottawa,0
42,33,42033,Clearfield,1
26,37,26037,Clinton,1
17,135,17135,Montgomery,1
28,3,28003,Alcorn,0
28,71,28071,Lafayette,0
22,43,22043,Grant,1
29,5,29005,Atchison,0
17,115,17115,Macon,1
26,149,26149,St. Joseph,1
17,55,17055,Franklin,1
30,33,30033,Garfield,1
31,1,31001,Adams,1
27,109,27109,Olmsted,1
34,39,34039,Union,1
1,97,1097,Mobile,0
46,87,46087,McCook,0
1,57,1057,Fayette,0
1,17,1017,Chambers,0
37,131,37131,Northampton,0
8,81,8081,Moffat,1
21,87,21087,Green,1
18,47,18047,Franklin,1
37,13,37013,Beaufort,0
38,15,38015,Burleigh,1
37,159,37159,Rowan,0
26,71,26071,Iron,1
27,67,27067,Kandiyohi,1
21,237,21237,Wolfe,1
48,149,48149,Fayette,0
46,81,46081,Lawrence,0
23,29,23029,Washington,1
48,45,48045,Briscoe,0
26,131,26131,Ontonagon,1
28,15,28015,Carroll,0
41,3,41003,Benton,1
27,133,27133,Rock,1
42,63,42063,Indiana,1
22,61,22061,Lincoln,1
42,99,42099,Perry,1
46,137,46137,Ziebach,0
48,203,48203,Harrison,0
26,13,26013,Baraga,1
40,131,40131,Rogers,0
29,19,29019,Boone,0
40,15,40015,Caddo,0
8,59,8059,Jefferson,1
54,11,54011,Cabell,1
48,383,48383,Reagan,0
5,141,5141,Van Buren,1
8,117,8117,Summit,1
20,35,20035,Cowley,0
5,71,5071,Johnson,1
36,41,36041,Hamilton,1
51,45,51045,Craig,1
48,83,48083,Coleman,0
2,290,2290,Yukon-Koyukuk,1
4,17,4017,Navajo,1
28,85,28085,Lincoln,0
48,357,48357,Ochiltree,0
48,103,48103,Crane,0
56,3,56003,Big Horn,0
47,81,47081,Hickman,0
28,143,28143,Tunica,0
29,81,29081,Harrison,0
18,5,18005,Bartholomew,1
13,223,13223,Paulding,0
39,15,39015,Brown,1
47,141,47141,Putnam,0
38,101,38101,Ward,1
25,27,25027,Worcester,1
39,91,39091,Logan,1
6,31,6031,Kings,1
6,73,6073,San Diego,1
13,79,13079,Crawford,0
29,37,29037,Cass,0
36,27,36027,Dutchess,1
48,477,48477,Washington,0
8,101,8101,Pueblo,1
29,67,29067,Douglas,0
38,9,38009,Bottineau,1
37,51,37051,Cumberland,0
56,17,56017,Hot Springs,0
26,1,26001,Alcona,1
6,61,6061,Placer,1
5,129,5129,Searcy,1
48,305,48305,Lynn,0
36,77,36077,Otsego,1
37,153,37153,Richmond,0
37,93,37093,Hoke,0
31,131,31131,Otoe,1
42,23,42023,Cameron,1
45,35,45035,Dorchester,0
27,161,27161,Waseca,1
46,15,46015,Brule,0
47,177,47177,Warren,0
17,23,17023,Clark,1
21,201,21201,Robertson,1
47,95,47095,Lake,0
45,15,45015,Berkeley,0
5,51,5051,Garland,1
20,139,20139,Osage,0
39,155,39155,Trumbull,1
48,333,48333,Mills,0
48,359,48359,Oldham,0
42,19,42019,Butler,1
16,49,16049,Idaho,1
20,115,20115,Marion,0
51,29,51029,Buckingham,1
37,25,37025,Cabarrus,0
29,225,29225,Webster,0
49,11,49011,Davis,1
27,33,27033,Cottonwood,1
12,93,12093,Okeechobee,0
13,291,13291,Union,0
19,13,19013,Black Hawk,1
48,403,48403,Sabine,0
39,131,39131,Pike,1
1,125,1125,Tuscaloosa,0
1,131,1131,Wilcox,0
28,97,28097,Montgomery,0
31,99,31099,Kearney,1
31,87,31087,Hitchcock,1
10,3,10003,New Castle,1
16,81,16081,Teton,1
17,161,17161,Rock Island,1
51,73,51073,Gloucester,1
5,133,5133,Sevier,1
18,17,18017,Cass,1
16,77,16077,Power,1
18,15,18015,Carroll,1
42,101,42101,Philadelphia,1
56,43,56043,Washakie,0
37,29,37029,Camden,0
36,109,36109,Tompkins,1
5,69,5069,Jefferson,1
5,79,5079,Lincoln,1
55,123,55123,Vernon,0
29,93,29093,Iron,0
48,223,48223,Hopkins,0
36,1,36001,Albany,1
48,225,48225,Houston,0
39,111,39111,Monroe,1
20,165,20165,Rush,0
18,107,18107,Montgomery,1
20,187,20187,Stanton,0
21,129,21129,Lee,1
27,71,27071,Koochiching,1
48,29,48029,Bexar,0
8,13,8013,Boulder,1
47,89,47089,Jefferson,0
40,97,40097,Mayes,0
27,165,27165,Watonwan,1
16,13,16013,Blaine,1
22,53,22053,Jefferson Davis,1
46,119,46119,Sully,0
8,31,8031,Denver,1
40,29,40029,Coal,0
30,11,30011,Carter,1
48,461,48461,Upton,0
18,51,18051,Gibson,1
31,105,31105,Kimball,1
17,93,17093,Kendall,1
8,85,8085,Montrose,1
27,171,27171,Wright,1
55,59,55059,Kenosha,0
8,37,8037,Eagle,1
6,75,6075,San Francisco,1
8,113,8113,San Miguel,1
2,20,2020,Anchorage,1
12,109,12109,St. Johns,0
28,19,28019,Choctaw,0
29,79,29079,Grundy,0
26,85,26085,Lake,1
26,139,26139,Ottawa,1
17,31,17031,Cook,1
17,59,17059,Gallatin,1
45,47,45047,Greenwood,0
20,59,20059,Franklin,0
27,27,27027,Clay,1
47,75,47075,Haywood,0
49,3,49003,Box Elder,1
28,139,28139,Tippah,0
54,51,54051,Marshall,1
54,35,54035,Jackson,1
16,39,16039,Elmore,1
24,5,24005,Baltimore,1
38,5,38005,Benson,1
29,163,29163,Pike,0
39,87,39087,Lawrence,1
29,201,29201,Scott,0
39,1,39001,Adams,1
48,143,48143,Erath,0
13,137,13137,Habersham,0
13,319,13319,Wilkinson,0
54,61,54061,Monongalia,1
39,33,39033,Crawford,1
12,27,12027,DeSoto,0
9,11,9011,New London,1
39,59,39059,Guernsey,1
26,15,26015,Barry,1
29,209,29209,Stone,0
51,760,51760,Richmond,1
37,169,37169,Stokes,0
19,39,19039,Clarke,1
19,65,19065,Fayette,1
6,41,6041,Marin,1
48,381,48381,Randall,0
48,401,48401,Rusk,0
19,181,19181,Warren,1
39,161,39161,Van Wert,1
12,43,12043,Glades,0
13,199,13199,Meriwether,0
8,23,8023,Costilla,1
48,99,48099,Coryell,0
19,1,19001,Adair,1
13,53,13053,Chattahoochee,0
6,43,6043,Mariposa,1
29,89,29089,Howard,0
41,47,41047,Marion,1
55,79,55079,Milwaukee,0
27,139,27139,Scott,1
39,129,39129,Pickaway,1
51,145,51145,Powhatan,1
8,14,8014,Broomfield,1
47,99,47099,Lawrence,0
26,9,26009,Antrim,1
45,69,45069,Marlboro,0
16,9,16009,Benewah,1
17,103,17103,Lee,1
31,127,31127,Nemaha,1
37,31,37031,Carteret,0
20,149,20149,Pottawatomie,0
26,75,26075,Jackson,1
48,91,48091,Comal,0
25,19,25019,Nantucket,1
45,9,45009,Bamberg,0
48,7,48007,Aransas,0
13,19,13019,Berrien,0
18,165,18165,Vermillion,1
26,143,26143,Roscommon,1
37,5,37005,Alleghany,0
6,35,6035,Lassen,1
51,610,51610,Falls Church,1
12,81,12081,Manatee,0
39,119,39119,Muskingum,1
8,15,8015,Chaffee,1
8,25,8025,Crowley,1
8,43,8043,Fremont,1
28,109,28109,Pearl River,0
28,111,28111,Perry,0
31,41,31041,Custer,1
12,13,12013,Calhoun,0
21,117,21117,Kenton,1
19,37,19037,Chickasaw,1
17,37,17037,DeKalb,1
19,81,19081,Hancock,1
38,89,38089,Stark,1
26,95,26095,Luce,1
40,19,40019,Carter,0
37,139,37139,Pasquotank,0
35,55,35055,Taos,1
28,11,28011,Bolivar,0
32,23,32023,Nye,1
47,73,47073,Hawkins,0
38,11,38011,Bowman,1
42,57,42057,Fulton,1
22,55,22055,Lafayette,1
48,237,48237,Jack,0
17,175,17175,Stark,1
40,55,40055,Greer,0
48,211,48211,Hemphill,0
16,69,16069,Nez Perce,1
46,129,46129,Walworth,0
6,55,6055,Napa,1
40,33,40033,Cotton,0
29,221,29221,Washington,0
36,11,36011,Cayuga,1
48,417,48417,Shackelford,0
48,407,48407,San Jacinto,0
19,61,19061,Dubuque,1
51,75,51075,Goochland,1
20,181,20181,Sherman,0
39,139,39139,Richland,1
17,1,17001,Adams,1
39,21,39021,Champaign,1
33,19,33019,Sullivan,1
17,75,17075,Iroquois,1
19,157,19157,Poweshiek,1
39,169,39169,Wayne,1
13,113,13113,Fayette,0
13,141,13141,Hancock,0
48,259,48259,Kendall,0
36,39,36039,Greene,1
51,137,51137,Orange,1
40,89,40089,McCurtain,0
13,277,13277,Tift,0
31,25,31025,Cass,1
46,77,46077,Kingsbury,0
56,9,56009,Converse,0
36,43,36043,Herkimer,1
38,47,38047,Logan,1
26,53,26053,Gogebic,1
27,5,27005,Becker,1
1,95,1095,Marshall,0
47,173,47173,Union,0
54,57,54057,Mineral,1
55,3,55003,Ashland,0
17,53,17053,Ford,1
38,29,38029,Emmons,1
6,89,6089,Shasta,1
22,113,22113,Vermilion,1
5,121,5121,Randolph,1
55,85,55085,Oneida,0
22,35,22035,East Carroll,1
22,37,22037,East Feliciana,1
22,87,22087,St. Bernard,1
48,481,48481,Wharton,0
2,198,2198,Prince of Wales-Hyder,1
2,195,2195,Petersburg,1
48,153,48153,Floyd,0
2,275,2275,Wrangell,1
21,151,21151,Madison,1
47,9,47009,Blount,0
30,31,30031,Gallatin,1
45,31,45031,Darlington,0
1,53,1053,Escambia,0
13,143,13143,Haralson,0
20,1,20001,Allen,0
17,41,17041,Douglas,1
51,79,51079,Greene,1
55,137,55137,Waushara,0
5,65,5065,Izard,1
6,53,6053,Monterey,1
35,17,35017,Grant,1
29,131,29131,Miller,0
37,193,37193,Wilkes,0
2,110,2110,Juneau,1
29,165,29165,Platte,0
29,21,29021,Buchanan,0
1,83,1083,Limestone,0
18,65,18065,Henry,1
31,143,31143,Polk,1
39,123,39123,Ottawa,1
27,107,27107,Norman,1
19,165,19165,Shelby,1
24,13,24013,Carroll,1
19,11,19011,Benton,1
21,159,21159,Martin,1
27,25,27025,Chisago,1
21,189,21189,Owsley,1
42,15,42015,Bradford,1
54,29,54029,Hancock,1
29,51,29051,Cole,0
26,21,26021,Berrien,1
42,61,42061,Huntingdon,1
31,45,31045,Dawes,1
51,141,51141,Patrick,1
26,119,26119,Montmorency,1
26,135,26135,Oscoda,1
35,7,35007,Colfax,1
17,163,17163,St. Clair,1
17,189,17189,Washington,1
42,9,42009,Bedford,1
5,127,5127,Scott,1
20,99,20099,Labette,0
42,73,42073,Lawrence,1
39,67,39067,Harrison,1
37,3,37003,Alexander,0
34,9,34009,Cape May,1
33,5,33005,Cheshire,1
27,89,27089,Marshall,1
51,101,51101,King William,1
8,55,8055,Huerfano,1
48,255,48255,Karnes,0
47,23,47023,Chester,0
17,171,17171,Scott,1
49,27,49027,Millard,1
49,29,49029,Morgan,1
48,257,48257,Kaufman,0
4,11,4011,Greenlee,1
4,13,4013,Maricopa,1
26,129,26129,Ogemaw,1
47,87,47087,Jackson,0
17,159,17159,Richland,1
1,9,1009,Blount,0
30,51,30051,Liberty,1
48,131,48131,Duval,0
29,173,29173,Ralls,0
48,251,48251,Johnson,0
13,61,13061,Clay,0
41,23,41023,Grant,1
41,11,41011,Coos,1
48,159,48159,Franklin,0
36,113,36113,Warren,1
51,113,51113,Madison,1
40,5,40005,Atoka,0
17,129,17129,Menard,1
13,15,13015,Bartow,0
12,69,12069,Lake,0
40,111,40111,Okmulgee,0
38,83,38083,Sheridan,1
18,49,18049,Fulton,1
20,91,20091,Johnson,0
24,9,24009,Calvert,1
55,129,55129,Washburn,0
53,31,53031,Jefferson,1
27,169,27169,Winona,1
28,149,28149,Warren,0
29,3,29003,Andrew,0
29,139,29139,Montgomery,0
20,21,20021,Cherokee,0
37,83,37083,Halifax,0
35,43,35043,Sandoval,1
21,51,21051,Clay,1
42,35,42035,Clinton,1
41,43,41043,Linn,1
55,65,55065,Lafayette,0
40,147,40147,Washington,0
54,77,54077,Preston,1
55,135,55135,Waupaca,0
48,137,48137,Edwards,0
41,37,41037,Lake,1
29,153,29153,Ozark,0
48,473,48473,Waller,0
1,99,1099,Monroe,0
50,9,50009,Essex,1
51,111,51111,Lunenburg,1
38,97,38097,Traill,1
13,139,13139,Hall,0
13,283,13283,Treutlen,0
13,37,13037,Calhoun,0
55,125,55125,Vilas,0
27,7,27007,Beltrami,1
24,19,24019,Dorchester,1
42,37,42037,Columbia,1
39,23,39023,Clark,1
48,323,48323,Maverick,0
4,19,4019,Pima,1
35,6,35006,Cibola,1
34,5,34005,Burlington,1
50,21,50021,Rutland,1
13,99,13099,Early,0
25,7,25007,Dukes,1
38,49,38049,McHenry,1
31,179,31179,Wayne,1
38,45,38045,LaMoure,1
16,23,16023,Butte,1
33,7,33007,Coos,1
38,43,38043,Kidder,1
48,273,48273,Kleberg,0
18,127,18127,Porter,1
28,101,28101,Newton,0
37,163,37163,Sampson,0
47,127,47127,Moore,0
12,103,12103,Pinellas,0
17,65,17065,Hamilton,1
5,105,5105,Perry,1
20,23,20023,Cheyenne,0
8,29,8029,Delta,1
19,185,19185,Wayne,1
48,165,48165,Gaines,0
1,93,1093,Marion,0
37,189,37189,Watauga,0
51,770,51770,Roanoke,1
48,317,48317,Martin,0
48,37,48037,Bowie,0
49,57,49057,Weber,1
29,127,29127,Marion,0
36,45,36045,Jefferson,1
19,97,19097,Jackson,1
38,63,38063,Nelson,1
36,19,36019,Clinton,1
8,45,8045,Garfield,1
29,177,29177,Ray,0
39,73,39073,Hocking,1
1,85,1085,Lowndes,0
13,43,13043,Candler,0
19,113,19113,Linn,1
6,105,6105,Trinity,1
13,215,13215,Muscogee,0
28,135,28135,Tallahatchie,0
20,5,20005,Atchison,0
48,3,48003,Andrews,0
39,109,39109,Miami,1
48,375,48375,Potter,0
40,133,40133,Seminole,0
45,3,45003,Aiken,0
6,45,6045,Mendocino,1
51,550,51550,Chesapeake,1
56,37,56037,Sweetwater,0
48,169,48169,Garza,0
54,31,54031,Hardy,1
55,89,55089,Ozaukee,0
47,163,47163,Sullivan,0
45,59,45059,Laurens,0
56,11,56011,Crook,0
55,117,55117,Sheboygan,0
25,13,25013,Hampden,1
48,55,48055,Caldwell,0
20,29,20029,Cloud,0
6,27,6027,Inyo,1
1,37,1037,Coosa,0
19,59,19059,Dickinson,1
21,95,21095,Harlan,1
20,61,20061,Geary,0
42,11,42011,Berks,1
47,19,47019,Carter,0
27,83,27083,Lyon,1
51,37,51037,Charlotte,1
47,179,47179,Washington,0
45,71,45071,Newberry,0
51,93,51093,Isle of Wight,1
41,69,41069,Wheeler,1
29,23,29023,Butler,0
22,47,22047,Iberville,1
28,125,28125,Sharkey,0
51,61,51061,Fauquier,1
51,750,51750,Radford,1
32,5,32005,Douglas,1
12,37,12037,Franklin,0
18,55,18055,Greene,1
18,139,18139,Rush,1
55,131,55131,Washington,0
29,105,29105,Laclede,0
42,85,42085,Mercer,1
5,31,5031,Craighead,1
29,195,29195,Saline,0
17,193,17193,White,1
17,39,17039,De Witt,1
32,33,32033,White Pine,1
27,49,27049,Goodhue,1
37,173,37173,Swain,0
12,101,12101,Pasco,0
12,119,12119,Sumter,0
36,59,36059,Nassau,1
38,91,38091,Steele,1
18,163,18163,Vanderburgh,1
29,71,29071,Franklin,0
37,11,37011,Avery,0
54,107,54107,Wood,1
55,7,55007,Bayfield,0
47,161,47161,Stewart,0
55,97,55097,Portage,0
45,63,45063,Lexington,0
24,3,24003,Anne Arundel,1
55,39,55039,Fond du Lac,0
54,101,54101,Webster,1
55,61,55061,Kewaunee,0
48,369,48369,Parmer,0
40,151,40151,Woods,0
21,63,21063,Elliott,1
25,3,25003,Berkshire,1
29,41,29041,Chariton,0
8,103,8103,Rio Blanco,1
8,87,8087,Morgan,1
41,45,41045,Malheur,1
34,23,34023,Middlesex,1
20,167,20167,Russell,0
17,155,17155,Putnam,1
46,55,46055,Haakon,0
47,111,47111,Macon,0
5,23,5023,Cleburne,1
1,109,1109,Pike,0
16,3,16003,Adams,1
25,5,25005,Bristol,1
42,107,42107,Schuylkill,1
38,103,38103,Wells,1
37,45,37045,Cleveland,0
5,59,5059,Hot Spring,1
24,21,24021,Frederick,1
17,169,17169,Schuyler,1
6,51,6051,Mono,1
6,109,6109,Tuolumne,1
13,81,13081,Crisp,0
5,27,5027,Columbia,1
38,39,38039,Griggs,1
6,95,6095,Solano,1
19,43,19043,Clayton,1
48,449,48449,Titus,0
54,27,54027,Hampshire,1
37,125,37125,Moore,0
20,9,20009,Barton,0
38,87,38087,Slope,1
22,83,22083,Richland,1
31,71,31071,Garfield,1
22,99,22099,St. Martin,1
1,119,1119,Sumter,0
1,133,1133,Winston,0
12,117,12117,Seminole,0
28,35,28035,Forrest,0
26,65,26065,Ingham,1
20,177,20177,Shawnee,0
46,61,46061,Hanson,0
27,61,27061,Itasca,1
8,73,8073,Lincoln,1
36,53,36053,Madison,1
36,115,36115,Washington,1
18,81,18081,Johnson,1
48,445,48445,Terry,0
35,21,35021,Harding,1
1,121,1121,Talladega,0
55,67,55067,Langlade,0
48,155,48155,Foard,0
19,21,19021,Buena Vista,1
19,129,19129,Mills,1
48,385,48385,Real,0
39,41,39041,Delaware,1
37,67,37067,Forsyth,0
32,510,32510,Carson City,1
19,49,19049,Dallas,1
48,65,48065,Carson,0
13,261,13261,Sumter,0
29,223,29223,Wayne,0
45,7,45007,Anderson,0
56,7,56007,Carbon,0
30,93,30093,Silver Bow,1
17,177,17177,Stephenson,1
26,87,26087,Lapeer,1
22,27,22027,Claiborne,1
28,161,28161,Yalobusha,0
26,79,26079,Kalkaska,1
22,39,22039,Evangeline,1
47,69,47069,Hardeman,0
4,3,4003,Cochise,1
35,23,35023,Hidalgo,1
38,23,38023,Divide,1
6,71,6071,San Bernardino,1
8,83,8083,Montezuma,1
28,23,28023,Clarke,0
19,125,19125,Marion,1
31,55,31055,Douglas,1
51,600,51600,Fairfax,1
40,57,40057,Harmon,0
29,39,29039,Cedar,0
13,59,13059,Clarke,0
16,85,16085,Valley,1
48,275,48275,Knox,0
5,103,5103,Ouachita,1
39,37,39037,Darke,1
40,71,40071,Kay,0
46,41,46041,Dewey,0
41,57,41057,Tillamook,1
13,77,13077,Coweta,0
28,127,28127,Simpson,0
28,131,28131,Stone,0
6,13,6013,Contra Costa,1
47,17,47017,Carroll,0
51,87,51087,Henrico,1
18,119,18119,Owen,1
36,119,36119,Westchester,1
29,17,29017,Bollinger,0
54,47,54047,McDowell,1
54,33,54033,Harrison,1
37,77,37077,Granville,0
9,9,9009,New Haven,1
31,139,31139,Pierce,1
13,23,13023,Bleckley,0
13,33,13033,Burke,0
17,181,17181,Union,1
17,91,17091,Kankakee,1
38,51,38051,McIntosh,1
31,141,31141,Platte,1
37,185,37185,Warren,0
13,197,13197,Marion,0
46,27,46027,Clay,0
10,5,10005,Sussex,1
13,159,13159,Jasper,0
29,175,29175,Randolph,0
20,15,20015,Butler,0
48,209,48209,Hays,0
48,325,48325,Medina,0
26,105,26105,Mason,1
45,13,45013,Beaufort,0
46,135,46135,Yankton,0
55,105,55105,Rock,0
45,77,45077,Pickens,0
53,13,53013,Columbia,1
18,23,18023,Clinton,1
17,27,17027,Clinton,1
16,67,16067,Minidoka,1
42,113,42113,Sullivan,1
28,121,28121,Rankin,0
48,345,48345,Motley,0
41,39,41039,Lane,1
48,485,48485,Wichita,0
26,155,26155,Shiawassee,1
20,89,20089,Jewell,0
20,123,20123,Mitchell,0
12,7,12007,Bradford,0
28,91,28091,Marion,0
28,39,28039,George,0
17,85,17085,Jo Daviess,1
18,59,18059,Hancock,1
51,620,51620,Franklin,1
48,329,48329,Midland,0
20,171,20171,Scott,0
30,13,30013,Cascade,1
51,660,51660,Harrisonburg,1
17,199,17199,Williamson,1
30,29,30029,Flathead,1
20,189,20189,Stevens,0
21,67,21067,Fayette,1
21,91,21091,Hancock,1
46,13,46013,Brown,0
54,1,54001,Barbour,1
47,181,47181,Wayne,0
31,13,31013,Box Butte,1
42,97,42097,Northumberland,1
48,469,48469,Victoria,0
51,530,51530,Buena Vista,1
26,147,26147,St. Clair,1
31,173,31173,Thurston,1
50,15,50015,Lamoille,1
51,67,51067,Franklin,1
40,11,40011,Blaine,0
53,37,53037,Kittitas,1
18,135,18135,Randolph,1
49,25,49025,Kane,1
54,93,54093,Tucker,1
55,23,55023,Crawford,0
1,71,1071,Jackson,0
19,123,19123,Mahaska,1
20,45,20045,Douglas,0
21,59,21059,Daviess,1
21,197,21197,Powell,1
29,97,29097,Jasper,0
41,61,41061,Union,1
13,151,13151,Henry,0
38,1,38001,Adams,1
37,137,37137,Pamlico,0
21,83,21083,Graves,1
42,21,42021,Cambria,1
47,107,47107,McMinn,0
26,93,26093,Livingston,1
8,1,8001,Adams,1
42,69,42069,Lackawanna,1
40,123,40123,Pontotoc,0
40,37,40037,Creek,0
48,457,48457,Tyler,0
47,175,47175,Van Buren,0
40,125,40125,Pottawatomie,0
9,13,9013,Tolland,1
35,53,35053,Socorro,1
13,3,13003,Atkinson,0
12,31,12031,Duval,0
48,145,48145,Falls,0
5,149,5149,Yell,1
20,33,20033,Comanche,0
21,113,21113,Jessamine,1
21,171,21171,Monroe,1
40,75,40075,Kiowa,0
46,79,46079,Lake,0
37,33,37033,Caswell,0
48,377,48377,Presidio,0
39,57,39057,Greene,1
48,489,48489,Willacy,0
35,28,35028,Los Alamos,1
2,122,2122,Kenai Peninsula,1
1,3,1003,Baldwin,0
19,7,19007,Appanoose,1
51,127,51127,New Kent,1
13,263,13263,Talbot,0
36,49,36049,Lewis,1
54,15,54015,Clay,1
18,77,18077,Jefferson,1
51,19,51019,Bedford,1
35,33,35033,Mora,1
31,11,31011,Boone,1
29,149,29149,Oregon,0
47,83,47083,Houston,0
42,131,42131,Wyoming,1
37,107,37107,Lenoir,0
18,167,18167,Vigo,1
18,39,18039,Elkhart,1
51,77,51077,Grayson,1
48,303,48303,Lubbock,0
27,93,27093,Meeker,1
39,5,39005,Ashland,1
31,119,31119,Madison,1
12,85,12085,Martin,0
8,79,8079,Mineral,1
13,85,13085,Dawson,0
13,167,13167,Johnson,0
5,95,5095,Monroe,1
29,59,29059,Dallas,0
51,143,51143,Pittsylvania,1
2,68,2068,Denali,1
20,145,20145,Pawnee,0
20,209,20209,Wyandotte,0
12,29,12029,Dixie,0
26,157,26157,Tuscola,1
2,240,2240,Southeast Fairbanks,1
20,65,20065,Graham,0
22,97,22097,St. Landry,1
47,55,47055,Giles,0
39,95,39095,Lucas,1
5,93,5093,Mississippi,1
18,43,18043,Floyd,1
20,129,20129,Morton,0
21,81,21081,Grant,1
21,217,21217,Taylor,1
37,75,37075,Graham,0
54,45,54045,Logan,1
54,73,54073,Pleasants,1
51,71,51071,Giles,1
54,19,54019,Fayette,1
53,61,53061,Snohomish,1
35,15,35015,Eddy,1
31,117,31117,McPherson,1
31,145,31145,Red Willow,1
31,149,31149,Rock,1
47,85,47085,Humphreys,0
17,125,17125,Mason,1
51,197,51197,Wythe,1
13,303,13303,Washington,0
53,77,53077,Yakima,1
5,143,5143,Washington,1
48,213,48213,Henderson,0
55,35,55035,Eau Claire,0
47,153,47153,Sequatchie,0
48,471,48471,Walker,0
4,5,4005,Coconino,1
20,191,20191,Sumner,0
26,127,26127,Oceana,1
27,65,27065,Kanabec,1
39,7,39007,Ashtabula,1
6,3,6003,Alpine,1
48,167,48167,Galveston,0
1,11,1011,Bullock,0
17,105,17105,Livingston,1
39,135,39135,Preble,1
39,79,39079,Jackson,1
48,201,48201,Harris,0
25,17,25017,Middlesex,1
48,115,48115,Dawson,0
36,69,36069,Ontario,1
1,1,1001,Autauga,0
20,121,20121,Miami,0
13,91,13091,Dodge,0
36,23,36023,Cortland,1
13,39,13039,Camden,0
26,161,26161,Washtenaw,1
18,87,18087,LaGrange,1
48,371,48371,Pecos,0
13,225,13225,Peach,0
13,311,13311,White,0
13,163,13163,Jefferson,0
55,83,55083,Oconto,0
48,347,48347,Nacogdoches,0
44,9,44009,Washington,1
53,47,53047,Okanogan,1
53,63,53063,Spokane,1
55,41,55041,Forest,0
55,113,55113,Sawyer,0
34,17,34017,Hudson,1
39,151,39151,Stark,1
48,187,48187,Guadalupe,0
53,29,53029,Island,1
54,37,54037,Jefferson,1
51,153,51153,Prince William,1
42,29,42029,Chester,1
54,55,54055,Mercer,1
47,145,47145,Roane,0
53,9,53009,Clallam,1
53,65,53065,Stevens,1
19,177,19177,Van Buren,1
31,73,31073,Gosper,1
28,95,28095,Monroe,0
12,33,12033,Escambia,0
48,439,48439,Tarrant,0
24,33,24033,Prince George's,1
51,169,51169,Scott,1
48,239,48239,Jackson,0
40,85,40085,Love,0
13,289,13289,Twiggs,0
39,99,39099,Mahoning,1
1,87,1087,Macon,0
17,191,17191,Wayne,1
48,437,48437,Swisher,0
29,151,29151,Osage,0
17,89,17089,Kane,1
6,17,6017,El Dorado,1
45,55,45055,Kershaw,0
37,73,37073,Gates,0
8,89,8089,Otero,1
41,19,41019,Douglas,1
42,89,42089,Monroe,1
5,101,5101,Newton,1
38,19,38019,Cavalier,1
40,103,40103,Noble,0
20,63,20063,Gove,0
22,77,22077,Pointe Coupee,1
31,67,31067,Gage,1
1,115,1115,St. Clair,0
28,123,28123,Scott,0
13,95,13095,Dougherty,0
18,61,18061,Harrison,1
16,17,16017,Bonner,1
13,47,13047,Catoosa,0
23,27,23027,Waldo,1
24,27,24027,Howard,1
49,35,49035,Salt Lake,1
9,3,9003,Hartford,1
9,15,9015,Windham,1
12,87,12087,Monroe,0
39,157,39157,Tuscarawas,1
36,85,36085,Richmond,1
39,71,39071,Highland,1
27,77,27077,Lake of the Woods,1
16,11,16011,Bingham,1
45,45,45045,Greenville,0
46,85,46085,Lyman,0
55,121,55121,Trempealeau,0
6,113,6113,Yolo,1
48,431,48431,Sterling,0
48,495,48495,Winkler,0
46,71,46071,Jackson,0
49,41,49041,Sevier,1
51,36,51036,Charles City,1
1,23,1023,Choctaw,0
18,83,18083,Knox,1
31,47,31047,Dawson,1
20,57,20057,Ford,0
38,105,38105,Williams,1
38,17,38017,Cass,1
17,69,17069,Hardin,1
31,5,31005,Arthur,1
48,163,48163,Frio,0
19,103,19103,Johnson,1
20,133,20133,Neosho,0
21,89,21089,Greenup,1
20,107,20107,Linn,0
49,17,49017,Garfield,1
32,11,32011,Eureka,1
31,85,31085,Hayes,1
8,95,8095,Phillips,1
5,13,5013,Calhoun,1
2,90,2090,Fairbanks North Star,1
21,101,21101,Henderson,1
28,51,28051,Holmes,0
28,105,28105,Oktibbeha,0
30,27,30027,Fergus,1
24,23,24023,Garrett,1
22,119,22119,Webster,1
26,59,26059,Hillsdale,1
21,141,21141,Logan,1
46,33,46033,Custer,0
33,13,33013,Merrimack,1
42,133,42133,York,1
37,161,37161,Rutherford,0
46,5,46005,Beadle,0
1,43,1043,Cullman,0
13,97,13097,Douglas,0
31,97,31097,Johnson,1
37,187,37187,Washington,0
46,75,46075,Jones,0
37,7,37007,Anson,0
2,100,2100,Haines,1
38,7,38007,Billings,1
31,3,31003,Antelope,1
29,73,29073,Gasconade,0
21,31,21031,Butler,1
56,5,56005,Campbell,0
13,211,13211,Morgan,0
5,37,5037,Cross,1
5,107,5107,Phillips,1
22,93,22093,St. James,1
6,115,6115,Yuba,1
1,117,1117,Shelby,0
8,91,8091,Ouray,1
35,9,35009,Curry,1
40,149,40149,Washita,0
37,135,37135,Orange,0
18,131,18131,Pulaski,1
26,19,26019,Benzie,1
36,29,36029,Erie,1
24,31,24031,Montgomery,1
51,685,51685,Manassas Park,1
51,13,51013,Arlington,1
51,35,51035,Carroll,1
29,183,29183,St. Charles,0
6,69,6069,San Benito,1
24,35,24035,Queen Anne's,1
20,13,20013,Brown,0
13,31,13031,Bulloch,0
21,71,21071,Floyd,1
30,7,30007,Broadwater,1
13,309,13309,Wheeler,0
37,49,37049,Craven,0
29,87,29087,Holt,0
48,295,48295,Lipscomb,0
41,9,41009,Columbia,1
45,41,45041,Florence,0
38,61,38061,Mountrail,1
49,53,49053,Washington,1
30,3,30003,Big Horn,1
42,47,42047,Elk,1
31,165,31165,Sioux,1
28,31,28031,Covington,0
18,13,18013,Brown,1
18,19,18019,Clark,1
21,21,21021,Boyle,1
21,65,21065,Estill,1
48,87,48087,Collingsworth,0
48,89,48089,Colorado,0
17,63,17063,Grundy,1
27,81,27081,Lincoln,1
13,109,13109,Evans,0
48,497,48497,Wise,0
2,50,2050,Bethel,1
13,307,13307,Webster,0
13,169,13169,Jones,0
13,135,13135,Gwinnett,0
55,95,55095,Polk,0
55,45,55045,Green,0
36,79,36079,Putnam,1
51,700,51700,Newport News,1
8,11,8011,Bent,1
40,65,40065,Jackson,0
30,89,30089,Sanders,1
48,173,48173,Glasscock,0
5,47,5047,Franklin,1
40,93,40093,Major,0
47,125,47125,Montgomery,0
53,51,53051,Pend Oreille,1
38,55,38055,McLean,1
41,27,41027,Hood River,1
19,197,19197,Wright,1
48,419,48419,Shelby,0
29,55,29055,Crawford,0
51,17,51017,Bath,1
27,111,27111,Otter Tail,1
22,75,22075,Plaquemines,1
28,115,28115,Pontotoc,0
22,67,22067,Morehouse,1
21,29,21029,Bullitt,1
1,47,1047,Dallas,0
48,93,48093,Comanche,0
30,53,30053,Lincoln,1
27,21,27021,Cass,1
8,7,8007,Archuleta,1
28,163,28163,Yazoo,0
55,87,55087,Outagamie,0
29,107,29107,Lafayette,0
37,195,37195,Wilson,0
39,117,39117,Morrow,1
30,39,30039,Granite,1
38,31,38031,Foster,1
5,33,5033,Crawford,1
48,53,48053,Burnet,0
29,186,29186,Ste. Genevieve,0
48,179,48179,Gray,0
17,109,17109,McDonough,1
19,137,19137,Montgomery,1
5,67,5067,Jackson,1
48,229,48229,Hudspeth,0
22,79,22079,Rapides,1
31,111,31111,Lincoln,1
48,67,48067,Cass,0
47,79,47079,Henry,0
51,840,51840,Winchester,1
37,61,37061,Duplin,0
37,87,37087,Haywood,0
27,37,27037,Dakota,1
41,25,41025,Harney,1
55,1,55001,Adams,0
29,45,29045,Clark,0
21,15,21015,Boone,1
21,229,21229,Washington,1
22,9,22009,Avoyelles,1
28,137,28137,Tate,0
29,227,29227,Worth,0
31,163,31163,Sherman,1
46,21,46021,Campbell,0
46,63,46063,Harding,0
26,57,26057,Gratiot,1
19,175,19175,Union,1
17,127,17127,Massac,1
31,113,31113,Logan,1
31,121,31121,Merrick,1
31,161,31161,Sheridan,1
21,39,21039,Carlisle,1
56,25,56025,Natrona,0
13,321,13321,Worth,0
18,109,18109,Morgan,1
48,139,48139,Ellis,0
13,229,13229,Pierce,0
18,53,18053,Grant,1
12,35,12035,Flagler,0
28,77,28077,Lawrence,0
22,127,22127,Winn,1
17,73,17073,Henry,1
41,41,41041,Lincoln,1
23,31,23031,York,1
46,29,46029,Codington,0
13,231,13231,Pike,0
13,259,13259,Stewart,0
34,25,34025,Monmouth,1
5,21,5021,Clay,1
5,45,5045,Faulkner,1
40,41,40041,Delaware,0
19,107,19107,Keokuk,1
17,61,17061,Greene,1
27,75,27075,Lake,1
13,285,13285,Troup,0
6,23,6023,Humboldt,1
47,43,47043,Dickson,0
27,3,27003,Anoka,1
46,9,46009,Bon Homme,0
47,59,47059,Greene,0
51,183,51183,Sussex,1
18,141,18141,St. Joseph,1
38,67,38067,Pembina,1
46,7,46007,Bennett,0
22,115,22115,Vernon,1
23,19,23019,Penobscot,1
24,41,24041,Talbot,1
13,257,13257,Stephens,0
6,65,6065,Riverside,1
5,5,5005,Baxter,1
28,7,28007,Attala,0
19,169,19169,Story,1
20,11,20011,Bourbon,0
51,49,51049,Cumberland,1
45,85,45085,Sumter,0
2,164,2164,Lake and Peninsula,1
54,109,54109,Wyoming,1
6,29,6029,Kern,1
48,97,48097,Cooke,0
45,75,45075,Orangeburg,0
55,119,55119,Taylor,0
27,99,27099,Mower,1
27,101,27101,Murray,1
44,7,44007,Providence,1
29,161,29161,Phelps,0
28,117,28117,Prentiss,0
21,235,21235,Whitley,1
18,149,18149,Starke,1
48,491,48491,Williamson,0
19,131,19131,Mitchell,1
13,107,13107,Emanuel,0
22,25,22025,Catahoula,1
42,25,42025,Carbon,1
31,133,31133,Pawnee,1
47,171,47171,Unicoi,0
45,83,45083,Spartanburg,0
55,73,55073,Marathon,0
32,7,32007,Elko,1
54,7,54007,Braxton,1
26,165,26165,Wexford,1
48,79,48079,Cochran,0
42,13,42013,Blair,1
29,85,29085,Hickory,0
29,9,29009,Barry,0
27,123,27123,Ramsey,1
5,81,5081,Little River,1
32,19,32019,Lyon,1
12,71,12071,Lee,0
41,33,41033,Josephine,1
28,113,28113,Pike,0
47,31,47031,Coffee,0
16,59,16059,Lemhi,1
21,183,21183,Ohio,1
31,153,31153,Sarpy,1
13,71,13071,Colquitt,0
27,167,27167,Wilkin,1
17,157,17157,Randolph,1
23,11,23011,Kennebec,1
51,173,51173,Smyth,1
35,41,35041,Roosevelt,1
42,111,42111,Somerset,1
51,191,51191,Washington,1
37,81,37081,Guilford,0
16,1,16001,Ada,1
40,39,40039,Custer,0
39,101,39101,Marion,1
17,149,17149,Pike,1
17,203,17203,Woodford,1
13,245,13245,Richmond,0
1,107,1107,Pickens,0
40,45,40045,Ellis,0
17,145,17145,Perry,1
19,75,19075,Grundy,1
8,107,8107,Routt,1
34,35,34035,Somerset,1
6,11,6011,Colusa,1
17,87,17087,Johnson,1
8,53,8053,Hinsdale,1
16,31,16031,Cassia,1
27,59,27059,Isanti,1
42,49,42049,Erie,1
28,29,28029,Copiah,0
48,467,48467,Van Zandt,0
51,161,51161,Roanoke,1
51,15,51015,Augusta,1
2,60,2060,Bristol Bay,1
49,31,49031,Piute,1
21,161,21161,Mason,1
27,9,27009,Benton,1
48,129,48129,Donley,0
12,5,12005,Bay,0
1,77,1077,Lauderdale,0
18,45,18045,Fountain,1
17,173,17173,Shelby,1
17,51,17051,Fayette,1
39,127,39127,Perry,1
51,590,51590,Danville,1
13,11,13011,Banks,0
13,305,13305,Wayne,0
40,109,40109,Oklahoma,0
40,69,40069,Johnston,0
37,99,37099,Jackson,0
49,43,49043,Summit,1
29,167,29167,Polk,0
32,15,32015,Lander,1
19,191,19191,Winneshiek,1
21,23,21023,Bracken,1
55,37,55037,Florence,0
54,87,54087,Roane,1
27,159,27159,Wadena,1
51,670,51670,Hopewell,1
17,201,17201,Winnebago,1
4,7,4007,Gila,1
24,45,24045,Wicomico,1
21,43,21043,Carter,1
37,97,37097,Iredell,0
51,83,51083,Halifax,1
37,91,37091,Hertford,0
36,57,36057,Montgomery,1
27,113,27113,Pennington,1
53,73,53073,Whatcom,1
41,21,41021,Gilliam,1
34,29,34029,Ocean,1
5,9,5009,Boone,1
40,31,40031,Comanche,0
48,253,48253,Jones,0
48,185,48185,Grimes,0
26,49,26049,Genesee,1
22,7,22007,Assumption,1
28,13,28013,Calhoun,0
28,41,28041,Greene,0
30,17,30017,Custer,1
46,109,46109,Roberts,0
17,141,17141,Ogle,1
38,77,38077,Richland,1
55,5,55005,Barron,0
55,51,55051,Iron,0
27,157,27157,Wabasha,1
6,15,6015,Del Norte,1
40,127,40127,Pushmataha,0
53,7,53007,Chelan,1
26,141,26141,Presque Isle,1
40,27,40027,Cleveland,0
36,105,36105,Sullivan,1
37,149,37149,Polk,0
37,165,37165,Scotland,0
37,85,37085,Harnett,0
37,105,37105,Lee,0
18,159,18159,Tipton,1
20,27,20027,Clay,0
40,145,40145,Wagoner,0
30,83,30083,Richland,1
5,3,5003,Ashley,1
5,41,5041,Desha,1
47,135,47135,Perry,0
27,163,27163,Washington,1
51,740,51740,Portsmouth,1
42,51,42051,Fayette,1
54,23,54023,Grant,1
51,171,51171,Shenandoah,1
48,235,48235,Irion,0
29,25,29025,Caldwell,0
12,107,12107,Putnam,0
18,25,18025,Crawford,1
29,111,29111,Lewis,0
31,75,31075,Grant,1
16,71,16071,Oneida,1
17,139,17139,Moultrie,1
21,107,21107,Hopkins,1
16,35,16035,Clearwater,1
21,13,21013,Bell,1
27,35,27035,Crow Wing,1
4,9,4009,Graham,1
5,123,5123,St. Francis,1
13,101,13101,Echols,0
2,70,2070,Dillingham,1
20,105,20105,Lincoln,0
20,183,20183,Smith,0
12,65,12065,Jefferson,0
28,5,28005,Amite,0
5,97,5097,Montgomery,1
26,25,26025,Calhoun,1
1,29,1029,Cleburne,0
8,123,8123,Weld,1
40,9,40009,Beckham,0
6,49,6049,Modoc,1
19,153,19153,Polk,1
13,179,13179,Liberty,0
48,349,48349,Navarro,0
48,47,48047,Brooks,0
47,187,47187,Williamson,0
56,21,56021,Laramie,0
53,3,53003,Asotin,1
27,155,27155,Traverse,1
17,17,17017,Cass,1
13,247,13247,Rockdale,0
42,67,42067,Juniata,1
42,83,42083,McKean,1
40,49,40049,Garvin,0
31,21,31021,Burt,1
35,45,35045,San Juan,1
36,73,36073,Orleans,1
22,31,22031,De Soto,1
6,19,6019,Fresno,1
13,105,13105,Elbert,0
1,5,1005,Barbour,0
37,17,37017,Bladen,0
48,111,48111,Dallam,0
17,167,17167,Sangamon,1
40,35,40035,Craig,0
47,35,47035,Cumberland,0
26,137,26137,Otsego,1
19,161,19161,Sac,1
49,15,49015,Emery,1
53,19,53019,Ferry,1
30,109,30109,Wibaux,1
35,27,35027,Lincoln,1
40,21,40021,Cherokee,0
27,173,27173,Yellow Medicine,1
48,231,48231,Hunt,0
48,335,48335,Mitchell,0
48,499,48499,Wood,0
40,113,40113,Osage,0
37,39,37039,Cherokee,0
26,107,26107,Mecosta,1
21,195,21195,Pike,1
12,67,12067,Lafayette,0
37,35,37035,Catawba,0
21,25,21025,Breathitt,1
48,75,48075,Childress,0
29,181,29181,Ripley,0
17,179,17179,Tazewell,1
48,243,48243,Jeff Davis,0
51,678,51678,Lexington,1
5,135,5135,Sharp,1
8,69,8069,Larimer,1
37,177,37177,Tyrrell,0
27,131,27131,Rice,1
29,219,29219,Warren,0
21,227,21227,Warren,1
22,17,22017,Caddo,1
46,121,46121,Todd,0
19,127,19127,Marshall,1
40,141,40141,Tillman,0
37,113,37113,Macon,0
54,63,54063,Monroe,1
18,155,18155,Switzerland,1
21,105,21105,Hickman,1
1,61,1061,Geneva,0
17,99,17099,LaSalle,1
19,55,19055,Delaware,1
20,127,20127,Morris,0
19,51,19051,Davis,1
16,15,16015,Boise,1
55,81,55081,Monroe,0
37,143,37143,Perquimans,0
12,47,12047,Hamilton,0
2,170,2170,Matanuska-Susitna,1
18,35,18035,Delaware,1
12,75,12075,Levy,0
28,45,28045,Hancock,0
13,315,13315,Wilcox,0
22,81,22081,Red River,1
47,93,47093,Knox,0
23,17,23017,Oxford,1
29,95,29095,Jackson,0
13,281,13281,Towns,0
28,129,28129,Smith,0
16,75,16075,Payette,1
16,79,16079,Shoshone,1
37,95,37095,Hyde,0
19,67,19067,Floyd,1
21,145,21145,McCracken,1
21,225,21225,Union,1
46,125,46125,Turner,0
47,29,47029,Cocke,0
47,67,47067,Hancock,0
47,71,47071,Hardin,0
45,67,45067,Marion,0
22,117,22117,Washington,1
29,207,29207,Stoddard,0
13,93,13093,Dooly,0
27,145,27145,Stearns,1
31,155,31155,Saunders,1
27,141,27141,Sherburne,1
46,35,46035,Davison,0
47,25,47025,Claiborne,0
48,337,48337,Montague,0
48,49,48049,Brown,0
55,101,55101,Racine,0
55,115,55115,Shawano,0
19,9,19009,Audubon,1
48,207,48207,Haskell,0
40,83,40083,Logan,0
36,65,36065,Oneida,1
8,65,8065,Lake,1
40,121,40121,Pittsburg,0
54,17,54017,Doddridge,1
54,105,54105,Wirt,1
33,3,33003,Carroll,1
54,95,54095,Tyler,1
27,79,27079,Le Sueur,1
53,17,53017,Douglas,1
36,9,36009,Cattaraugus,1
55,27,55027,Dodge,0
19,105,19105,Jones,1
20,7,20007,Barber,0
29,169,29169,Pulaski,0
1,45,1045,Dale,0
20,109,20109,Logan,0
6,39,6039,Madera,1
29,75,29075,Gentry,0
31,9,31009,Blaine,1
49,9,49009,Daggett,1
56,31,56031,Platte,0
37,71,37071,Gaston,0
35,19,35019,Guadalupe,1
30,37,30037,Golden Valley,1
37,101,37101,Johnston,0
6,85,6085,Santa Clara,1
45,19,45019,Charleston,0
53,5,53005,Benton,1
29,1,29001,Adair,0
39,43,39043,Erie,1
17,183,17183,Vermilion,1
29,189,29189,St. Louis,0
17,7,17007,Boone,1
6,103,6103,Tehama,1
55,25,55025,Dane,0
48,151,48151,Fisher,0
22,85,22085,Sabine,1
17,137,17137,Morgan,1
13,235,13235,Pulaski,0
37,15,37015,Bertie,0
37,167,37167,Stanly,0
47,143,47143,Rhea,0
37,79,37079,Greene,0
21,131,21131,Leslie,1
24,39,24039,Somerset,1
17,123,17123,Marshall,1
21,143,21143,Lyon,1
48,95,48095,Concho,0
48,81,48081,Coke,0
47,133,47133,Overton,0
26,63,26063,Huron,1
26,69,26069,Iosco,1
13,69,13069,Coffee,0
13,299,13299,Ware,0
38,37,38037,Grant,1
22,51,22051,Jefferson,1
22,103,22103,St. Tammany,1
19,83,19083,Hardin,1
22,23,22023,Cameron,1
39,27,39027,Clinton,1
27,137,27137,St. Louis,1
39,93,39093,Lorain,1
19,15,19015,Boone,1
48,373,48373,Polk,0
31,51,31051,Dixon,1
24,25,24025,Harford,1
45,37,45037,Edgefield,0
51,1,51001,Accomack,1
55,15,55015,Calumet,0
21,121,21121,Knox,1
26,67,26067,Ionia,1
37,129,37129,New Hanover,0
47,131,47131,Obion,0
21,35,21035,Calloway,1
51,3,51003,Albemarle,1
47,147,47147,Robertson,0
51,43,51043,Clarke,1
53,23,53023,Garfield,1
21,109,21109,Jackson,1
27,31,27031,Cook,1
45,73,45073,Oconee,0
22,33,22033,East Baton Rouge,1
28,21,28021,Claiborne,0
24,37,24037,St. Mary's,1
26,81,26081,Kent,1
37,147,37147,Pitt,0
30,9,30009,Carbon,1
31,167,31167,Stanton,1
13,1,13001,Appling,0
19,99,19099,Jasper,1
28,153,28153,Wayne,0
48,101,48101,Cottle,0
51,81,51081,Greensville,1
12,105,12105,Polk,0
48,503,48503,Young,0
1,123,1123,Tallapoosa,0
33,15,33015,Rockingham,1
8,105,8105,Rio Grande,1
19,149,19149,Plymouth,1
36,123,36123,Yates,1
53,33,53033,King,1
41,17,41017,Deschutes,1
19,155,19155,Pottawattamie,1
29,229,29229,Wright,0
30,101,30101,Toole,1
36,107,36107,Tioga,1
48,287,48287,Lee,0
13,121,13121,Fulton,0
48,73,48073,Cherokee,0
29,7,29007,Audrain,0
45,29,45029,Colleton,0
55,55,55055,Jefferson,0
5,55,5055,Greene,1
48,191,48191,Hall,0
55,13,55013,Burnett,0
35,57,35057,Torrance,1
53,49,53049,Pacific,1
37,141,37141,Pender,0
48,221,48221,Hood,0
46,117,46117,Stanley,0
32,31,32031,Washoe,1
21,7,21007,Ballard,1
48,9,48009,Archer,0
48,23,48023,Baylor,0
48,405,48405,San Augustine,0
32,29,32029,Storey,1
13,249,13249,Schley,0
9,1,9001,Fairfield,1
48,313,48313,Madison,0
6,77,6077,San Joaquin,1
28,159,28159,Winston,0
21,103,21103,Henry,1
21,167,21167,Mercer,1
31,183,31183,Wheeler,1
21,135,21135,Lewis,1
27,51,27051,Grant,1
28,53,28053,Humphreys,0
1,25,1025,Clarke,0
20,17,20017,Chase,0
21,221,21221,Trigg,1
1,69,1069,Houston,0
46,3,46003,Aurora,0
2,13,2013,Aleutians East,1
31,61,31061,Franklin,1
24,29,24029,Kent,1
20,37,20037,Crawford,0
27,23,27023,Chippewa,1
46,103,46103,Pennington,0
45,49,45049,Hampton,0
16,43,16043,Fremont,1
13,29,13029,Bryan,0
51,53,51053,Dinwiddie,1
12,111,12111,St. Lucie,0
36,55,36055,Monroe,1
46,83,46083,Lincoln,0
55,17,55017,Chippewa,0
20,207,20207,Woodson,0
21,157,21157,Marshall,1
13,65,13065,Clinch,0
13,185,13185,Lowndes,0
15,5,15005,Kalawao,1
15,7,15007,Kauai,1
26,99,26099,Macomb,1
13,287,13287,Turner,0
17,79,17079,Jasper,1
48,331,48331,Milam,0
18,147,18147,Spencer,1
21,99,21099,Hart,1
21,137,21137,Lincoln,1
30,5,30005,Blaine,1
51,710,51710,Norfolk,1
48,389,48389,Reeves,0
51,155,51155,Pulaski,1
37,179,37179,Union,0
38,53,38053,McKenzie,1
12,91,12091,Okaloosa,0
6,1,6001,Alameda,1
17,13,17013,Calhoun,1
18,85,18085,Kosciusko,1
28,103,28103,Noxubee,0
5,147,5147,Woodruff,1
34,15,34015,Gloucester,1
33,11,33011,Hillsborough,1
30,45,30045,Judith Basin,1
37,121,37121,Mitchell,0
30,77,30077,Powell,1
41,53,41053,Polk,1
41,65,41065,Wasco,1
46,105,46105,Perkins,0
19,173,19173,Taylor,1
1,129,1129,Washington,0
39,39,39039,Defiance,1
54,25,54025,Greenbrier,1
17,121,17121,Marion,1
51,51,51051,Dickenson,1
51,7,51007,Amelia,1
13,243,13243,Randolph,0
35,29,35029,Luna,1
48,355,48355,Nueces,0
56,45,56045,Weston,0
17,187,17187,Warren,1
1,89,1089,Madison,0
47,189,47189,Wilson,0
48,63,48063,Camp,0
40,67,40067,Jefferson,0
54,85,54085,Ritchie,1
19,145,19145,Page,1
20,87,20087,Jefferson,0
22,45,22045,Iberia,1
2,158,2158,Kusilvak,1
37,133,37133,Onslow,0
27,43,27043,Faribault,1
47,57,47057,Grainger,0
48,161,48161,Freestone,0
42,87,42087,Mifflin,1
1,41,1041,Crenshaw,0
51,520,51520,Bristol,1
48,399,48399,Runnels,0
48,443,48443,Terrell,0
20,153,20153,Rawlins,0
20,193,20193,Thomas,0
13,161,13161,Jeff Davis,0
19,35,19035,Cherokee,1
5,145,5145,White,1
28,83,28083,Leflore,0
29,53,29053,Cooper,0
26,43,26043,Dickinson,1
17,197,17197,Will,1
48,117,48117,Deaf Smith,0
46,11,46011,Brookings,0
29,47,29047,Clay,0
28,27,28027,Coahoma,0
18,11,18011,Boone,1
19,57,19057,Des Moines,1
19,163,19163,Scott,1
20,143,20143,Ottawa,0
12,23,12023,Columbia,0
12,59,12059,Holmes,0
28,47,28047,Harrison,0
47,11,47011,Bradley,0
27,17,27017,Carlton,1
48,315,48315,Marion,0
36,95,36095,Schoharie,1
40,117,40117,Pawnee,0
36,7,36007,Broome,1
48,291,48291,Liberty,0
39,9,39009,Athens,1
39,81,39081,Jefferson,1
54,83,54083,Randolph,1
54,49,54049,Marion,1
34,11,34011,Cumberland,1
6,57,6057,Nevada,1
55,31,55031,Douglas,0
21,199,21199,Pulaski,1
37,65,37065,Edgecombe,0
48,241,48241,Jasper,0
49,1,49001,Beaver,1
13,213,13213,Murray,0
18,75,18075,Jay,1
26,117,26117,Montcalm,1
36,83,36083,Rensselaer,1
12,21,12021,Collier,0
35,31,35031,McKinley,1
13,17,13017,Ben Hill,0
5,77,5077,Lee,1
12,3,12003,Baker,0
13,173,13173,Lanier,0
20,159,20159,Rice,0
1,15,1015,Calhoun,0
28,59,28059,Jackson,0
21,37,21037,Campbell,1
21,57,21057,Cumberland,1
28,107,28107,Panola,0
48,195,48195,Hansford,0
48,71,48071,Chambers,0
13,239,13239,Quitman,0
48,199,48199,Hardin,0
9,5,9005,Litchfield,1
39,143,39143,Sandusky,1
23,21,23021,Piscataquis,1
17,153,17153,Pulaski,1
40,107,40107,Okfuskee,0
26,145,26145,Saginaw,1
35,39,35039,Rio Arriba,1
50,5,50005,Caledonia,1
51,23,51023,Botetourt,1
17,119,17119,Madison,1
48,85,48085,Collin,0
45,1,45001,Abbeville,0
31,53,31053,Dodge,1
12,115,12115,Sarasota,0
55,77,55077,Marquette,0
4,15,4015,Mohave,1
4,25,4025,Yavapai,1
45,51,45051,Horry,0
42,91,42091,Montgomery,1
16,61,16061,Lewis,1
51,720,51720,Norton,1
34,27,34027,Morris,1
29,211,29211,Sullivan,0
20,135,20135,Ness,0
48,39,48039,Brazoria,0
51,790,51790,Staunton,1
31,29,31029,Chase,1
39,113,39113,Montgomery,1
48,447,48447,Throckmorton,0
13,221,13221,Oglethorpe,0
5,29,5029,Conway,1
29,147,29147,Nodaway,0
38,73,38073,Ransom,1
26,17,26017,Bay,1
47,157,47157,Shelby,0
6,7,6007,Butte,1
27,115,27115,Pine,1
48,21,48021,Bastrop,0
53,39,53039,Klickitat,1
53,55,53055,San Juan,1
55,9,55009,Brown,0
20,205,20205,Wilson,0
22,69,22069,Natchitoches,1
22,109,22109,Terrebonne,1
13,155,13155,Irwin,0
2,185,2185,North Slope,1
26,11,26011,Arenac,1
19,111,19111,Lee,1
20,141,20141,Osborne,0
26,47,26047,Emmet,1
19,71,19071,Fremont,1
23,15,23015,Lincoln,1
36,99,36099,Seneca,1
21,125,21125,Laurel,1
47,121,47121,Meigs,0
29,213,29213,Taney,0
13,269,13269,Taylor,0
51,830,51830,Williamsburg,1
48,415,48415,Scurry,0
8,47,8047,Gilpin,1
40,87,40087,McClain,0
54,71,54071,Pendleton,1
51,139,51139,Page,1
40,79,40079,Le Flore,0
54,89,54089,Summers,1
37,119,37119,Mecklenburg,0
34,13,34013,Essex,1
29,115,29115,Linn,0
13,209,13209,Montgomery,0
41,55,41055,Sherman,1
13,133,13133,Greene,0
46,17,46017,Buffalo,0
46,95,46095,Mellette,0
48,135,48135,Ector,0
48,293,48293,Limestone,0
53,27,53027,Grays Harbor,1
54,3,54003,Berkeley,1
30,67,30067,Park,1
48,121,48121,Denton,0
45,21,45021,Cherokee,0
37,199,37199,Yancey,0
48,387,48387,Red River,0
48,321,48321,Matagorda,0
27,149,27149,Stevens,1
13,301,13301,Warren,0
48,197,48197,Hardeman,0
17,133,17133,Monroe,1
13,165,13165,Jenkins,0
21,85,21085,Grayson,1
48,363,48363,Palo Pinto,0
13,149,13149,Heard,0
1,79,1079,Lawrence,0
28,93,28093,Marshall,0
20,25,20025,Clark,0
20,81,20081,Haskell,0
22,13,22013,Bienville,1
13,295,13295,Walker,0
19,95,19095,Iowa,1
31,19,31019,Buffalo,1
40,7,40007,Beaver,0
19,23,19023,Butler,1
30,85,30085,Roosevelt,1
53,15,53015,Cowlitz,1
48,297,48297,Live Oak,0
29,135,29135,Moniteau,0
51,193,51193,Westmoreland,1
37,197,37197,Yadkin,0
6,47,6047,Merced,1
40,43,40043,Dewey,0
37,23,37023,Burke,0
37,191,37191,Wayne,0
42,123,42123,Warren,1
5,61,5061,Howard,1
37,59,37059,Davie,0
37,111,37111,McDowell,0
5,99,5099,Nevada,1
8,125,8125,Yuma,1
48,421,48421,Sherman,0
48,463,48463,Uvalde,0
39,11,39011,Auglaize,1
22,15,22015,Bossier,1
19,63,19063,Emmet,1
20,169,20169,Saline,0
21,153,21153,Magoffin,1
48,17,48017,Bailey,0
29,27,29027,Callaway,0
56,1,56001,Albany,0
56,29,56029,Park,0
42,93,42093,Montour,1
36,81,36081,Queens,1
12,121,12121,Suwannee,0
26,31,26031,Cheboygan,1
26,51,26051,Gladwin,1
21,173,21173,Montgomery,1
45,57,45057,Lancaster,0
21,123,21123,Larue,1
19,193,19193,Woodbury,1
12,123,12123,Taylor,0
17,3,17003,Alexander,1
29,99,29099,Jefferson,0
29,113,29113,Lincoln,0
13,51,13051,Chatham,0
12,125,12125,Union,0
36,37,36037,Genesee,1
19,41,19041,Clay,1
30,25,30025,Fallon,1
46,107,46107,Potter,0
48,109,48109,Culberson,0
23,5,23005,Cumberland,1
48,13,48013,Atascosa,0
20,95,20095,Kingman,0
13,241,13241,Rabun,0
54,97,54097,Upshur,1
29,215,29215,Texas,0
5,119,5119,Pulaski,1
19,47,19047,Crawford,1
16,5,16005,Bannock,1
39,55,39055,Geauga,1
6,107,6107,Tulare,1
36,117,36117,Wayne,1
51,163,51163,Rockbridge,1
38,95,38095,Towner,1
42,45,42045,Delaware,1
36,63,36063,Niagara,1
50,3,50003,Bennington,1
12,19,12019,Clay,0
37,183,37183,Wake,0
39,61,39061,Hamilton,1
34,3,34003,Bergen,1
32,17,32017,Lincoln,1
2,180,2180,Nome,1
30,55,30055,McCone,1
19,19,19019,Buchanan,1
17,43,17043,DuPage,1
46,47,46047,Fall River,0
27,69,27069,Kittson,1
13,219,13219,Oconee,0
48,493,48493,Wilson,0
31,59,31059,Fillmore,1
12,79,12079,Madison,0
18,153,18153,Sullivan,1
4,12,4012,La Paz,1
13,27,13027,Brooks,0
2,16,2016,Aleutians West,1
2,150,2150,Kodiak Island,1
20,185,20185,Stafford,0
13,271,13271,Telfair,0
26,115,26115,Monroe,1
18,181,18181,White,1
18,113,18113,Noble,1
21,139,21139,Livingston,1
13,201,13201,Miller,0
47,103,47103,Lincoln,0
21,211,21211,Shelby,1
31,185,31185,York,1
42,1,42001,Adams,1
45,5,45005,Allendale,0
47,37,47037,Davidson,0
49,47,49047,Uintah,1
49,49,49049,Utah,1
18,21,18021,Clay,1
36,47,36047,Kings,1
29,141,29141,Morgan,0
39,75,39075,Holmes,1
19,143,19143,Osceola,1
18,79,18079,Jennings,1
16,83,16083,Twin Falls,1
17,165,17165,Saline,1
26,77,26077,Kalamazoo,1
45,61,45061,Lee,0
56,19,56019,Johnson,0
18,27,18027,Daviess,1
26,55,26055,Grand Traverse,1
22,3,22003,Allen,1
46,65,46065,Hughes,0
46,69,46069,Hyde,0
45,27,45027,Clarendon,0
30,95,30095,Stillwater,1
47,7,47007,Bledsoe,0
21,219,21219,Todd,1
47,183,47183,Weakley,0
29,77,29077,Greene,0
42,77,42077,Lehigh,1
31,159,31159,Seward,1
36,15,36015,Chemung,1
36,121,36121,Wyoming,1
6,99,6099,Stanislaus,1
42,95,42095,Northampton,1
1,103,1103,Morgan,0
21,27,21027,Breckinridge,1
28,43,28043,Grenada,0
21,213,21213,Simpson,1
50,13,50013,Grand Isle,1
39,29,39029,Columbiana,1
51,125,51125,Nelson,1
12,97,12097,Osceola,0
5,53,5053,Grant,1
13,175,13175,Laurens,0
36,61,36061,New York,1
5,7,5007,Benton,1
12,83,12083,Marion,0
51,135,51135,Nottoway,1
34,41,34041,Warren,1
36,21,36021,Columbia,1
51,690,51690,Martinsville,1
40,23,40023,Choctaw,0
20,41,20041,Dickinson,0
48,427,48427,Starr,0
13,103,13103,Effingham,0
40,129,40129,Roger Mills,0
55,103,55103,Richland,0
35,25,35025,Lea,1
1,75,1075,Lamar,0
47,117,47117,Marshall,0
51,11,51011,Appomattox,1
5,87,5087,Madison,1
56,33,56033,Sheridan,0
42,41,42041,Cumberland,1
42,55,42055,Franklin,1
42,79,42079,Luzerne,1
26,39,26039,Crawford,1
1,113,1113,Russell,0
39,19,39019,Carroll,1
51,65,51065,Fluvanna,1
17,97,17097,Lake,1
13,195,13195,Madison,0
5,39,5039,Dallas,1
8,57,8057,Jackson,1
8,63,8063,Kit Carson,1
16,73,16073,Owyhee,1
55,141,55141,Wood,0
36,13,36013,Chautauqua,1
13,67,13067,Cobb,0
47,91,47091,Johnson,0
39,13,39013,Belmont,1
51,195,51195,Wise,1
29,35,29035,Carter,0
40,13,40013,Bryan,0
31,35,31035,Clay,1
24,17,24017,Charles,1
19,33,19033,Cerro Gordo,1
19,73,19073,Greene,1
21,205,21205,Rowan,1
49,55,49055,Wayne,1
29,31,29031,Cape Girardeau,0
53,71,53071,Walla Walla,1
29,133,29133,Mississippi,0
5,25,5025,Cleveland,1
48,113,48113,Dallas,0
18,33,18033,DeKalb,1
22,73,22073,Ouachita,1
22,95,22095,St. John the Baptist,1
22,91,22091,St. Helena,1
29,197,29197,Schuyler,0
1,59,1059,Franklin,0
21,41,21041,Carroll,1
8,19,8019,Clear Creek,1
48,267,48267,Kimble,0
26,97,26097,Mackinac,1
48,307,48307,McCulloch,0
28,141,28141,Tishomingo,0
48,105,48105,Crockett,0
48,217,48217,Hill,0
8,75,8075,Logan,1
20,55,20055,Finney,0
20,125,20125,Montgomery,0
45,39,45039,Fairfield,0
31,33,31033,Cheyenne,1
27,91,27091,Martin,1
47,155,47155,Sevier,0
47,139,47139,Polk,0
48,263,48263,Kent,0
30,99,30099,Teton,1
31,69,31069,Garden,1
17,117,17117,Macoupin,1
39,141,39141,Ross,1
17,195,17195,Whiteside,1
48,141,48141,El Paso,0
48,301,48301,Loving,0
40,77,40077,Latimer,0
39,167,39167,Washington,1
29,91,29091,Howell,0
20,47,20047,Edwards,0
21,111,21111,Jefferson,1
17,107,17107,Logan,1
55,139,55139,Winnebago,0
21,75,21075,Fulton,1
20,79,20079,Harvey,0
30,21,30021,Dawson,1
54,91,54091,Taylor,1
26,111,26111,Midland,1
28,119,28119,Quitman,0
21,93,21093,Hardin,1
17,81,17081,Jefferson,1
46,57,46057,Hamlin,0
55,69,55069,Lincoln,0
36,33,36033,Franklin,1
51,630,51630,Fredericksburg,1
54,81,54081,Raleigh,1
35,5,35005,Chaves,1
35,49,35049,Santa Fe,1
6,59,6059,Orange,1
4,23,4023,Santa Cruz,1
37,53,37053,Currituck,0
17,101,17101,Lawrence,1
18,67,18067,Howard,1
18,125,18125,Pike,1
21,47,21047,Christian,1
26,45,26045,Eaton,1
19,179,19179,Wapello,1
6,25,6025,Imperial,1
26,27,26027,Cass,1
28,157,28157,Wilkinson,0
2,282,2282,Yakutat,1
20,179,20179,Sheridan,0
28,79,28079,Leake,0
28,25,28025,Clay,0
28,37,28037,Franklin,0
28,99,28099,Neshoba,0
46,45,46045,Edmunds,0
1,35,1035,Conecuh,0
18,29,18029,Dearborn,1
18,71,18071,Jackson,1
28,81,28081,Lee,0
22,125,22125,West Feliciana,1
5,35,5035,Crittenden,1
12,63,12063,Jackson,0
48,125,48125,Dickens,0
51,115,51115,Mathews,1
38,75,38075,Renville,1
48,283,48283,La Salle,0
36,67,36067,Onondaga,1
19,87,19087,Henry,1
31,83,31083,Harlan,1
30,75,30075,Powder River,1
55,91,55091,Pepin,0
4,1,4001,Apache,1
29,121,29121,Macon,0
48,279,48279,Lamb,0
20,97,20097,Kiowa,0
48,15,48015,Austin,0
29,61,29061,Daviess,0
13,253,13253,Seminole,0
26,101,26101,Manistee,1
19,119,19119,Lyon,1
48,233,48233,Hutchinson,0
40,139,40139,Texas,0
40,153,40153,Woodward,0
19,3,19003,Adams,1
6,101,6101,Sutter,1
42,105,42105,Potter,1
48,465,48465,Val Verde,0
20,77,20077,Harper,0
19,133,19133,Monona,1
49,23,49023,Juab,1
40,137,40137,Stephens,0
36,17,36017,Chenango,1
17,143,17143,Peoria,1
19,91,19091,Humboldt,1
31,177,31177,Washington,1
55,49,55049,Iowa,0
27,97,27097,Morrison,1
42,3,42003,Allegheny,1
29,205,29205,Shelby,0
39,97,39097,Madison,1
20,201,20201,Washington,0
17,19,17019,Champaign,1
16,87,16087,Washington,1
17,45,17045,Edgar,1
8,121,8121,Washington,1
39,65,39065,Hardin,1
26,113,26113,Missaukee,1
38,93,38093,Stutsman,1
29,203,29203,Shannon,0
48,423,48423,Smith,0
40,143,40143,Tulsa,0
40,91,40091,McIntosh,0
48,395,48395,Robertson,0
48,171,48171,Gillespie,0
26,125,26125,Oakland,1
38,33,38033,Golden Valley,1
56,27,56027,Niobrara,0
27,117,27117,Pipestone,1
51,99,51099,King George,1
53,25,53025,Grant,1
27,129,27129,Renville,1
12,1,12001,Alachua,0
31,91,31091,Hooker,1
51,147,51147,Prince Edward,1
49,7,49007,Carbon,1
42,17,42017,Bucks,1
46,59,46059,Hand,0
42,81,42081,Lycoming,1
16,57,16057,Latah,1
13,237,13237,Putnam,0
51,640,51640,Galax,1
35,37,35037,Quay,1
48,269,48269,King,0
5,73,5073,Lafayette,1
48,451,48451,Tom Green,0
12,49,12049,Hardee,0
39,25,39025,Clermont,1
48,501,48501,Yoakum,0
41,71,41071,Yamhill,1
19,115,19115,Louisa,1
20,49,20049,Elk,0
39,121,39121,Noble,1
39,137,39137,Putnam,1
48,425,48425,Somervell,0
42,75,42075,Lebanon,1
30,35,30035,Glacier,1
32,27,32027,Pershing,1
27,87,27087,Mahnomen,1
34,31,34031,Passaic,1
30,47,30047,Lake,1
48,261,48261,Kenedy,0
48,33,48033,Borden,0
29,157,29157,Perry,0
48,411,48411,San Saba,0
40,73,40073,Kingfisher,0
48,51,48051,Burleson,0
36,35,36035,Fulton,1
28,133,28133,Sunflower,0
27,53,27053,Hennepin,1
42,27,42027,Centre,1
48,25,48025,Bee,0
47,77,47077,Henderson,0
19,171,19171,Tama,1
20,175,20175,Seward,0
19,135,19135,Monroe,1
31,147,31147,Richardson,1
17,21,17021,Christian,1
12,89,12089,Nassau,0
12,133,12133,Washington,0
13,7,13007,Baker,0
13,275,13275,Thomas,0
21,5,21005,Anderson,1
21,185,21185,Oldham,1
13,57,13057,Cherokee,0
38,65,38065,Oliver,1
26,133,26133,Osceola,1
47,109,47109,McNairy,0
53,1,53001,Adams,1
29,57,29057,Dade,0
22,101,22101,St. Mary,1
50,7,50007,Chittenden,1
15,9,15009,Maui,1
22,57,22057,Lafourche,1
19,139,19139,Muscatine,1
12,113,12113,Santa Rosa,0
18,101,18101,Martin,1
21,203,21203,Rockcastle,1
21,223,21223,Trimble,1
13,55,13055,Chattooga,0
45,33,45033,Dillon,0
37,103,37103,Jones,0
29,199,29199,Scotland,0
20,131,20131,Nemaha,0
20,137,20137,Norton,0
31,65,31065,Furnas,1
13,87,13087,Decatur,0
18,177,18177,Wayne,1
21,9,21009,Barren,1
31,93,31093,Howard,1
38,25,38025,Dunn,1
6,5,6005,Amador,1
47,49,47049,Fentress,0
20,31,20031,Coffey,0
26,23,26023,Branch,1
51,31,51031,Campbell,1
39,105,39105,Meigs,1
54,67,54067,Nicholas,1
40,53,40053,Grant,0
46,115,46115,Spink,0
50,27,50027,Windsor,1
48,455,48455,Trinity,0
35,1,35001,Bernalillo,1
13,205,13205,Mitchell,0
15,1,15001,Hawaii,1
21,147,21147,McCreary,1
21,191,21191,Pendleton,1
21,215,21215,Spencer,1
30,41,30041,Hill,1
31,175,31175,Valley,1
48,69,48069,Castro,0
24,43,24043,Washington,1
21,133,21133,Letcher,1
34,33,34033,Salem,1
51,680,51680,Lynchburg,1
5,125,5125,Saline,1
54,53,54053,Mason,1
54,21,54021,Gilmer,1
28,63,28063,Jefferson,0
38,79,38079,Rolette,1
30,103,30103,Treasure,1
21,49,21049,Clark,1
26,5,26005,Allegan,1
47,5,47005,Benton,0
27,15,27015,Brown,1
47,137,47137,Pickett,0
51,109,51109,Louisa,1
18,145,18145,Shelby,1
39,49,39049,Franklin,1
49,21,49021,Iron,1
32,9,32009,Esmeralda,1
26,83,26083,Keweenaw,1
49,39,49039,Sanpete,1
20,93,20093,Kearny,0
12,9,12009,Brevard,0
18,105,18105,Monroe,1
19,117,19117,Lucas,1
21,239,21239,Woodford,1
45,53,45053,Jasper,0
48,43,48043,Brewster,0
45,65,45065,McCormick,0
45,87,45087,Union,0
27,103,27103,Nicollet,1
55,75,55075,Marinette,0
53,11,53011,Clark,1
55,99,55099,Price,0
18,103,18103,Miami,1
20,53,20053,Ellsworth,0
22,123,22123,West Carroll,1
12,77,12077,Liberty,0
20,83,20083,Hodgeman,0
20,119,20119,Meade,0
21,149,21149,McLean,1
28,1,28001,Adams,0
28,57,28057,Itawamba,0
21,73,21073,Franklin,1
23,9,23009,Hancock,1
23,13,23013,Knox,1
13,217,13217,Newton,0
46,49,46049,Faulk,0
26,61,26061,Houghton,1
30,61,30061,Mineral,1
47,51,47051,Franklin,0
22,29,22029,Concordia,1
22,63,22063,Livingston,1
25,9,25009,Essex,1
46,19,46019,Butte,0
8,35,8035,Douglas,1
45,79,45079,Richland,0
18,95,18095,Madison,1
40,99,40099,Murray,0
54,9,54009,Brooke,1
54,13,54013,Calhoun,1
51,21,51021,Bland,1
30,111,30111,Yellowstone,1
54,43,54043,Lincoln,1
6,33,6033,Lake,1
13,131,13131,Grady,0
8,21,8021,Conejos,1
49,37,49037,San Juan,1
18,133,18133,Putnam,1
16,47,16047,Gooding,1
47,167,47167,Tipton,0
22,121,22121,West Baton Rouge,1
29,171,29171,Putnam,0
56,39,56039,Teton,0
55,43,55043,Grant,0
38,59,38059,Morton,1
37,41,37041,Chowan,0
37,21,37021,Buncombe,0
6,63,6063,Plumas,1
51,730,51730,Petersburg,1
50,23,50023,Washington,1
46,93,46093,Meade,0
18,97,18097,Marion,1
5,17,5017,Chicot,1
13,21,13021,Bibb,0
5,115,5115,Pope,1
51,175,51175,Southampton,1
48,183,48183,Gregg,0
36,87,36087,Rockland,1
5,89,5089,Marion,1
51,800,51800,Suffolk,1
8,41,8041,El Paso,1
29,187,29187,St. Francois,0
48,475,48475,Ward,0
8,61,8061,Kiowa,1
48,487,48487,Wilbarger,0
41,15,41015,Curry,1
8,119,8119,Teller,1
29,49,29049,Clinton,0
49,51,49051,Wasatch,1
16,29,16029,Caribou,1
37,157,37157,Rockingham,0
5,117,5117,Prairie,1
5,11,5011,Bradley,1
48,193,48193,Hamilton,0
24,11,24011,Caroline,1
27,41,27041,Douglas,1
30,43,30043,Jefferson,1
51,59,51059,Fairfax,1
30,23,30023,Deer Lodge,1
47,1,47001,Anderson,0
39,77,39077,Huron,1
13,5,13005,Bacon,0
10,1,10001,Kent,1
39,173,39173,Wood,1
13,157,13157,Jackson,0
20,3,20003,Anderson,0
17,95,17095,Knox,1
30,107,30107,Wheatland,1
47,15,47015,Cannon,0
23,7,23007,Franklin,1
21,165,21165,Menifee,1
46,89,46089,McPherson,0
8,51,8051,Gunnison,1
26,29,26029,Charlevoix,1
27,151,27151,Swift,1
39,147,39147,Seneca,1
13,267,13267,Tattnall,0
48,429,48429,Stephens,0
37,117,37117,Martin,0
30,81,30081,Ravalli,1
13,317,13317,Wilkes,0
53,43,53043,Lincoln,1
6,81,6081,San Mateo,1
39,171,39171,Williams,1
8,9,8009,Baca,1
16,21,16021,Boundary,1
16,7,16007,Bear Lake,1
39,159,39159,Union,1
39,35,39035,Cuyahoga,1
48,285,48285,Lavaca,0
40,105,40105,Nowata,0
13,125,13125,Glascock,0
41,59,41059,Umatilla,1
46,102,46102,Oglala Lakota,0
20,117,20117,Marshall,0
22,65,22065,Madison,1
30,105,30105,Valley,1
13,313,13313,Whitfield,0
20,203,20203,Wichita,0
46,23,46023,Charles Mix,0
31,27,31027,Cedar,1
53,35,53035,Kitsap,1
17,111,17111,McHenry,1
30,69,30069,Petroleum,1
29,33,29033,Carroll,0
53,75,53075,Whitman,1
27,147,27147,Steele,1
31,169,31169,Thayer,1
47,33,47033,Crockett,0
19,79,19079,Hamilton,1
39,165,39165,Warren,1
13,255,13255,Spalding,0
34,19,34019,Hunterdon,1
29,217,29217,Vernon,0
18,121,18121,Parke,1
19,69,19069,Franklin,1
13,35,13035,Butts,0
8,39,8039,Elbert,1
44,1,44001,Bristol,1
48,35,48035,Bosque,0
44,5,44005,Newport,1
39,45,39045,Fairfield,1
38,69,38069,Pierce,1
17,15,17015,Carroll,1
27,125,27125,Red Lake,1
41,31,41031,Jefferson,1
47,21,47021,Cheatham,0
46,127,46127,Union,0
1,51,1051,Elmore,0
13,187,13187,Lumpkin,0
39,83,39083,Knox,1
19,17,19017,Bremer,1
48,175,48175,Goliad,0
37,89,37089,Henderson,0
12,61,12061,Indian River,0
48,393,48393,Roberts,0
31,49,31049,Deuel,1
36,51,36051,Livingston,1
19,141,19141,O'Brien,1
48,59,48059,Callahan,0
48,379,48379,Rains,0
20,67,20067,Grant,0
51,105,51105,Lee,1
35,51,35051,Sierra,1
5,43,5043,Drew,1
31,123,31123,Morrill,1
29,15,29015,Benton,0
5,109,5109,Pike,1
8,77,8077,Mesa,1
29,65,29065,Dent,0
51,185,51185,Tazewell,1
42,103,42103,Pike,1
42,115,42115,Susquehanna,1
48,343,48343,Morris,0
42,125,42125,Washington,1
50,1,50001,Addison,1
20,103,20103,Leavenworth,0
26,121,26121,Muskegon,1
28,49,28049,Hinds,0
48,281,48281,Lampasas,0
51,107,51107,Loudoun,1
29,185,29185,St. Clair,0
36,25,36025,Delaware,1
30,71,30071,Phillips,1
29,129,29129,Mercer,0
53,45,53045,Mason,1
37,127,37127,Nash,0
51,199,51199,York,1
29,159,29159,Pettis,0
30,63,30063,Missoula,1
20,19,20019,Chautauqua,0
48,459,48459,Upshur,0
51,47,51047,Culpeper,1
40,61,40061,Haskell,0
54,69,54069,Ohio,1
54,65,54065,Morgan,1
51,165,51165,Rockingham,1
18,183,18183,Whitley,1
6,93,6093,Siskiyou,1
46,37,46037,Day,0
22,71,22071,Orleans,1
1,73,1073,Jefferson,0
1,127,1127,Walker,0
29,63,29063,DeKalb,0
12,39,12039,Gadsden,0
13,83,13083,Dade,0
28,33,28033,DeSoto,0
51,187,51187,Warren,1
17,47,17047,Edwards,1
47,113,47113,Madison,0
1,111,1111,Randolph,0
37,9,37009,Ashe,0
8,33,8033,Dolores,1
39,89,39089,Licking,1
51,683,51683,Manassas,1
5,139,5139,Union,1
17,71,17071,Henderson,1
1,101,1101,Montgomery,0
8,5,8005,Arapahoe,1
21,155,21155,Marion,1
53,57,53057,Skagit,1
28,67,28067,Jones,0
55,21,55021,Columbia,0
37,19,37019,Brunswick,0
27,29,27029,Clearwater,1
51,131,51131,Northampton,1
20,163,20163,Rooks,0
18,41,18041,Fayette,1
31,79,31079,Hall,1
31,81,31081,Hamilton,1
31,115,31115,Loup,1
30,91,30091,Sheridan,1
31,63,31063,Frontier,1
1,7,1007,Bibb,0
28,75,28075,Lauderdale,0
27,11,27011,Big Stone,1
27,13,27013,Blue Earth,1
51,91,51091,Highland,1
51,177,51177,Spotsylvania,1
33,17,33017,Strafford,1
13,153,13153,Houston,0
26,41,26041,Delta,1
5,131,5131,Sebastian,1
6,87,6087,Santa Cruz,1
13,191,13191,McIntosh,0
13,207,13207,Monroe,0
29,69,29069,Dunklin,0
48,483,48483,Wheeler,0
13,117,13117,Forsyth,0
48,409,48409,San Patricio,0
28,147,28147,Walthall,0
29,137,29137,Monroe,0
26,73,26073,Isabella,1
48,341,48341,Moore,0
45,17,45017,Calhoun,0
56,35,56035,Sublette,0
21,69,21069,Fleming,1
55,19,55019,Clark,0
45,91,45091,York,0
18,1,18001,Adams,1
22,5,22005,Ascension,1
42,119,42119,Union,1
51,41,51041,Chesterfield,1
22,1,22001,Acadia,1
42,39,42039,Crawford,1
46,123,46123,Tripp,0
19,77,19077,Guthrie,1
19,183,19183,Washington,1
46,111,46111,Sanborn,0
40,51,40051,Grady,0
54,39,54039,Kanawha,1
55,109,55109,St. Croix,0
42,121,42121,Venango,1
39,153,39153,Summit,1
13,127,13127,Glynn,0
48,479,48479,Webb,0
37,123,37123,Montgomery,0
23,3,23003,Aroostook,1
28,65,28065,Jefferson Davis,0
18,175,18175,Washington,1
48,31,48031,Blanco,0
51,25,51025,Brunswick,1
47,45,47045,Dyer,0
47,53,47053,Gibson,0
51,149,51149,Prince George,1
5,75,5075,Lawrence,1
38,27,38027,Eddy,1
53,53,53053,Pierce,1
16,63,16063,Lincoln,1
42,71,42071,Lancaster,1
55,57,55057,Juneau,0
47,151,47151,Scott,0
46,31,46031,Corson,0
46,53,46053,Gregory,0
37,181,37181,Vance,0
21,33,21033,Caldwell,1
45,11,45011,Barnwell,0
47,39,47039,Decatur,0
18,9,18009,Blackford,1
1,55,1055,Etowah,0
16,25,16025,Camas,1
20,155,20155,Reno,0
47,119,47119,Maury,0
56,15,56015,Goshen,0
55,107,55107,Rusk,0
55,133,55133,Waukesha,0
21,79,21079,Garrard,1
25,21,25021,Norfolk,1
18,63,18063,Hendricks,1
17,77,17077,Jackson,1
45,43,45043,Georgetown,0
38,41,38041,Hettinger,1
49,19,49019,Grand,1
49,45,49045,Tooele,1
51,650,51650,Hampton,1
55,11,55011,Buffalo,0
51,69,51069,Frederick,1
54,41,54041,Lewis,1
27,119,27119,Polk,1
27,127,27127,Redwood,1
47,47,47047,Fayette,0
22,89,22089,St. Charles,1
5,111,5111,Poinsett,1
12,45,12045,Gulf,0
47,63,47063,Hamblen,0
1,21,1021,Chilton,0
48,351,48351,Newton,0
48,219,48219,Hockley,0
13,9,13009,Baldwin,0
37,175,37175,Transylvania,0
37,171,37171,Surry,0
1,31,1031,Coffee,0
39,149,39149,Shelby,1
16,27,16027,Canyon,1
30,19,30019,Daniels,1
12,73,12073,Leon,0
40,119,40119,Payne,0
1,39,1039,Covington,0
18,93,18093,Lawrence,1
20,69,20069,Gray,0
21,45,21045,Casey,1
21,169,21169,Metcalfe,1
21,207,21207,Russell,1
22,11,22011,Beauregard,1
23,25,23025,Somerset,1
40,25,40025,Cimarron,0
21,163,21163,Meade,1
21,179,21179,Nelson,1
21,187,21187,Owen,1
29,155,29155,Pemiscot,0
31,125,31125,Nance,1
55,78,55078,Menominee,0
48,365,48365,Panola,0
21,11,21011,Bath,1
48,1,48001,Anderson,0
51,33,51033,Caroline,1
19,167,19167,Sioux,1
6,21,6021,Glenn,1
29,510,29510,St. Louis,0
13,111,13111,Fannin,0
46,51,46051,Grant,0
46,91,46091,Marshall,0
53,67,53067,Thurston,1
31,107,31107,Knox,1
35,61,35061,Valencia,1
30,79,30079,Prairie,1
19,5,19005,Allamakee,1
48,61,48061,Cameron,0
48,339,48339,Montgomery,0
8,71,8071,Las Animas,1
48,299,48299,Llano,0
48,319,48319,Mason,0
37,43,37043,Clay,0
36,71,36071,Orange,1
36,93,36093,Schenectady,1
54,59,54059,Mingo,1
20,197,20197,Wabaunsee,0
27,55,27055,Houston,1
21,181,21181,Nicholas,1
25,23,25023,Plymouth,1
36,5,36005,Bronx,1
37,55,37055,Dare,0
39,103,39103,Medina,1
42,5,42005,Armstrong,1
34,1,34001,Atlantic,1
55,71,55071,Manitowoc,0
55,29,55029,Door,0
37,47,37047,Columbus,0
39,53,39053,Gallia,1
48,441,48441,Taylor,0
51,570,51570,Colonial Heights,1
39,31,39031,Coshocton,1
31,135,31135,Perkins,1
48,205,48205,Hartley,0
8,49,8049,Grand,1
48,249,48249,Jim Wells,0
19,189,19189,Winnebago,1
6,79,6079,San Luis Obispo,1
1,67,1067,Henry,0
39,175,39175,Wyandot,1
48,505,48505,Zapata,0
13,177,13177,Lee,0
21,19,21019,Boyd,1
27,19,27019,Carver,1
31,37,31037,Colfax,1
45,25,45025,Chesterfield,0
47,101,47101,Lewis,0
41,67,41067,Washington,1
51,810,51810,Virginia Beach,1
30,57,30057,Madison,1
51,103,51103,Lancaster,1
29,13,29013,Bates,0
33,1,33001,Belknap,1
51,159,51159,Richmond,1
2,230,2230,Skagway,1
2,105,2105,Hoonah-Angoon,1
53,21,53021,Franklin,1
19,93,19093,Ida,1
20,173,20173,Sedgwick,0
48,453,48453,Travis,0
12,57,12057,Hillsborough,0
34,21,34021,Mercer,1
31,23,31023,Butler,1
42,129,42129,Westmoreland,1
12,15,12015,Charlotte,0
19,29,19029,Cass,1
39,107,39107,Mercer,1
21,115,21115,Johnson,1
44,3,44003,Kent,1
50,25,50025,Windham,1
50,19,50019,Orleans,1
20,85,20085,Jackson,0
22,41,22041,Franklin,1
28,155,28155,Webster,0
25,11,25011,Franklin,1
31,31,31031,Cherry,1
30,1,30001,Beaverhead,1
29,143,29143,New Madrid,0
5,57,5057,Hempstead,1
29,29,29029,Camden,0
51,117,51117,Mecklenburg,1
21,233,21233,Webster,1
40,47,40047,Garfield,0
53,59,53059,Skamania,1
26,91,26091,Lenawee,1
13,123,13123,Gilmer,0
27,135,27135,Roseau,1
28,89,28089,Madison,0
48,227,48227,Howard,0
54,99,54099,Wayne,1
